"STATION","NAME","DATE","PRCP","TAVG","TMAX","TMIN"
"BGM00041923","TEJGAON, BG","2024-03-16","0.09","83","94",
"BGM00041923","TEJGAON, BG","2024-03-17",,"80","93","72"
"BGM00041923","TEJGAON, BG","2024-03-18","0.00","83","92","76"
"BGM00041923","TEJGAON, BG","2024-03-19","0.48","80","94",
"BGM00041923","TEJGAON, BG","2024-03-20","0.17","74",,"70"
"BGM00041923","TEJGAON, BG","2024-03-21","0.67","72","80",
"BGM00041923","TEJGAON, BG","2024-03-22","0.00","75","85","65"
"BGM00041923","TEJGAON, BG","2024-03-23","1.10","79","89","68"
"BGM00041923","TEJGAON, BG","2024-03-24","0.34","76","91","68"
"BGM00041923","TEJGAON, BG","2024-03-25","0.00","82","92","70"
"BGM00041923","TEJGAON, BG","2024-03-26","0.00","81",,"72"
"BGM00041923","TEJGAON, BG","2024-03-27","0.02","86",,
"BGM00041923","TEJGAON, BG","2024-04-03",,"88",,"81"
"BGM00041923","TEJGAON, BG","2024-04-04","0.00","89","96","81"
"BGM00041923","TEJGAON, BG","2024-04-10","0.00","86",,
"BGM00041923","TEJGAON, BG","2024-04-11","0.00","87","97","77"
"BGM00041923","TEJGAON, BG","2024-04-12","0.00","88",,"80"
"BGM00041923","TEJGAON, BG","2024-04-13","0.00","89","100","78"
"BGM00041923","TEJGAON, BG","2024-04-14","0.00","89","99","80"
"BGM00041923","TEJGAON, BG","2024-04-15","0.00","90","100","81"
"BGM00041923","TEJGAON, BG","2024-04-16","0.46","87",,
"BGM00041923","TEJGAON, BG","2024-04-17","0.29","86",,"76"
"BGM00041923","TEJGAON, BG","2024-04-18","0.01","89",,"79"
"BGM00041923","TEJGAON, BG","2024-04-19","0.00","90","101","82"
"BGM00041923","TEJGAON, BG","2024-04-20","0.00","92",,"83"
"BGM00041923","TEJGAON, BG","2024-04-21","0.00","91",,"84"
"BGM00041923","TEJGAON, BG","2024-04-22","0.00","91","100","85"
"BGM00041923","TEJGAON, BG","2024-04-23","0.00","92","101","83"
"BGM00041923","TEJGAON, BG","2024-04-24","0.00","93","103","83"
"BGM00041923","TEJGAON, BG","2024-04-25","0.00","92",,"83"
"BGM00041923","TEJGAON, BG","2024-04-26","0.00","91",,"83"
"BGM00041923","TEJGAON, BG","2024-04-27","0.00","91",,"83"
"BGM00041923","TEJGAON, BG","2024-04-28","0.00","92",,"84"
"BGM00041923","TEJGAON, BG","2024-04-29","0.00","93","105","85"
"BGM00041923","TEJGAON, BG","2024-04-30","0.00","92","101","84"
"BGM00041923","TEJGAON, BG","2024-05-02","0.38","91",,
"BGM00041923","TEJGAON, BG","2024-05-03",,"89","101","77"
"BGM00041923","TEJGAON, BG","2024-05-04","0.00","90","98","84"
"BGM00041923","TEJGAON, BG","2024-05-05","1.42","86","98",
"BGM00041923","TEJGAON, BG","2024-05-06","0.07","78","86","70"
"BGM00041923","TEJGAON, BG","2024-05-07",,"83",,"72"
"BGM00041923","TEJGAON, BG","2024-05-08","0.48","80",,"72"
"BGM00041923","TEJGAON, BG","2024-05-09","0.02","83","94","74"
"BGM00041923","TEJGAON, BG","2024-05-10","0.00","86","95","77"
"BGM00041923","TEJGAON, BG","2024-05-11","3.43","81","89","70"
"BGM00041923","TEJGAON, BG","2024-05-12","0.00","83",,"72"
"BGM00041923","TEJGAON, BG","2024-05-13","0.18","85",,"77"
"BGM00041923","TEJGAON, BG","2024-05-14","0.00","89",,"81"
"BGM00041923","TEJGAON, BG","2024-05-15","0.00","90","97","82"
"BGM00041923","TEJGAON, BG","2024-05-16","0.00","92",,"84"
"BGM00041923","TEJGAON, BG","2024-05-17","0.00","91",,"85"
"BGM00041923","TEJGAON, BG","2024-05-18","0.03","83","89",
"BGM00041923","TEJGAON, BG","2024-05-19","0.00","86","96","79"
"BGM00041923","TEJGAON, BG","2024-05-20","0.00","84",,"79"
"BGM00041923","TEJGAON, BG","2024-05-21","0.00","89","98","78"
"BGM00041923","TEJGAON, BG","2024-05-22","0.17","88",,"78"
"BGM00041923","TEJGAON, BG","2024-05-23","0.03","89","100","82"
"BGM00041923","TEJGAON, BG","2024-05-24","0.00","92","102","82"
"BGM00041923","TEJGAON, BG","2024-05-25","0.02","91",,
"BGM00041923","TEJGAON, BG","2024-05-26","0.13","86",,"81"
"BGM00041923","TEJGAON, BG","2024-05-27","8.89","79","81",
"BGM00041923","TEJGAON, BG","2024-05-28","0.24","86","94","77"
"BGM00041923","TEJGAON, BG","2024-05-29","0.00","89","93","78"
"BGM00041923","TEJGAON, BG","2024-05-30","0.00","89",,"86"
"BGM00041923","TEJGAON, BG","2024-05-31","0.00","86","91",
"BGM00041923","TEJGAON, BG","2024-06-03","0.02","88","97",
"BGM00041923","TEJGAON, BG","2024-06-04","0.00","87","97",
"BGM00041923","TEJGAON, BG","2024-06-05","0.04","89",,"81"
"BGM00041923","TEJGAON, BG","2024-06-06",,"87","94","78"
"BGM00041923","TEJGAON, BG","2024-06-07","0.34","86","96",
"BGM00041923","TEJGAON, BG","2024-06-08","0.02","89",,"79"
"BGM00041923","TEJGAON, BG","2024-06-09","0.00","88","92","85"
"BGM00041923","TEJGAON, BG","2024-06-10","0.04","85",,"79"
"BGM00041923","TEJGAON, BG","2024-06-11","0.00","91","98","80"
"BGM00041923","TEJGAON, BG","2024-06-12","0.00","89","97","85"
"BGM00041923","TEJGAON, BG","2024-06-13","2.21","84","95",
"BGM00041923","TEJGAON, BG","2024-06-14","0.00","85","90","76"
"BGM00041923","TEJGAON, BG","2024-06-15","0.00","88",,"82"
"BGM00041923","TEJGAON, BG","2024-06-16","0.00","90",,"85"
"BGM00041923","TEJGAON, BG","2024-06-17","0.00","89","95","85"
"BGM00041923","TEJGAON, BG","2024-06-18","0.00","87",,
"BGM00041923","TEJGAON, BG","2024-06-19","0.03","82",,
"BGM00041923","TEJGAON, BG","2024-06-20","0.02","82",,"79"
"BGM00041923","TEJGAON, BG","2024-06-21","0.00","87","95","78"
"BGM00041923","TEJGAON, BG","2024-06-22","0.57","85","92",
"BGM00041923","TEJGAON, BG","2024-06-23","0.00","88","96","81"
"BGM00041923","TEJGAON, BG","2024-06-24","0.00","89",,"83"
"BGM00041923","TEJGAON, BG","2024-06-25","0.29","88",,
"BGM00041923","TEJGAON, BG","2024-06-26","2.53","85","90",
"BGM00041923","TEJGAON, BG","2024-06-27","0.02","87","94","78"
"BGM00041923","TEJGAON, BG","2024-06-28","0.52","86","91","81"
"BGM00041923","TEJGAON, BG","2024-06-29","1.72","85","89","81"
"BGM00041923","TEJGAON, BG","2024-06-30","1.39","83","90","81"
"BGM00041923","TEJGAON, BG","2024-07-01","2.13","82",,
"BGM00041923","TEJGAON, BG","2024-07-02","1.16","81",,"78"
"BGM00041923","TEJGAON, BG","2024-07-03","0.57","83","88","79"
"BGM00041923","TEJGAON, BG","2024-07-04","0.57","83",,
"BGM00041923","TEJGAON, BG","2024-07-05","0.33","83",,
"BGM00041923","TEJGAON, BG","2024-07-06","0.00","86","93","81"
"BGM00041923","TEJGAON, BG","2024-07-07","0.00","87",,"82"
"BGM00041923","TEJGAON, BG","2024-07-08","0.00","87","95","83"
"BGM00041923","TEJGAON, BG","2024-07-09","0.04","85",,"83"
"BGM00041923","TEJGAON, BG","2024-07-10","0.00","88","95","83"
"BGM00041923","TEJGAON, BG","2024-07-11","0.02","85","94",
"BGM00041923","TEJGAON, BG","2024-07-12","5.16","82","88","78"
"BGM00041923","TEJGAON, BG","2024-07-13","0.00","87",,
"BGM00041923","TEJGAON, BG","2024-07-14","0.20","86","94",
"BGM00041923","TEJGAON, BG","2024-07-15","0.01","89",,"83"
"BGM00041923","TEJGAON, BG","2024-07-16","0.02","87","93","84"
"BGM00041923","TEJGAON, BG","2024-07-17","0.00","89",,"83"
"BGM00041923","TEJGAON, BG","2024-07-18","0.00","93","100","83"
"BGM00041923","TEJGAON, BG","2024-07-22","0.19","84",,
"BGM00041923","TEJGAON, BG","2024-07-24","0.50","86",,
"BGM00041923","TEJGAON, BG","2024-07-25","0.02","89",,"82"
"BGM00041923","TEJGAON, BG","2024-07-26","0.09","89",,"84"
"BGM00041923","TEJGAON, BG","2024-07-27",,"90",,"84"
"BGM00041923","TEJGAON, BG","2024-07-28",,"89",,"84"
"BGM00041923","TEJGAON, BG","2024-07-30","0.65","85",,
"BGM00041923","TEJGAON, BG","2024-07-31","0.87","86",,
"BGM00041923","TEJGAON, BG","2024-08-01","2.06","80",,
"BGM00041923","TEJGAON, BG","2024-08-02","2.07","79",,"78"
"BGM00041923","TEJGAON, BG","2024-08-03","1.57","81","88","78"
"BGM00041923","TEJGAON, BG","2024-08-04","0.01","86",,"80"
"BGM00041923","TEJGAON, BG","2024-08-05","0.12","85",,"82"
"BGM00041923","TEJGAON, BG","2024-08-06","0.02","86",,"81"
"BGM00041923","TEJGAON, BG","2024-08-07","0.46","85",,"81"
"BGM00041923","TEJGAON, BG","2024-08-08","0.00","85",,
"BGM00041923","TEJGAON, BG","2024-08-09","0.12","84",,"80"
"BGM00041923","TEJGAON, BG","2024-08-10","0.09","85","92","82"
"BGM00041923","TEJGAON, BG","2024-08-11","0.06","85","90","82"
"BGM00041923","TEJGAON, BG","2024-08-13","0.15","85",,"81"
"BGM00041923","TEJGAON, BG","2024-08-14","0.02","88","96","81"
"BGM00041923","TEJGAON, BG","2024-08-15","0.00","88","95","83"
"BGM00041923","TEJGAON, BG","2024-08-16","0.49","84",,
"BGM00041923","TEJGAON, BG","2024-08-17","1.20","82",,
"BGM00041923","TEJGAON, BG","2024-08-18","0.53","83",,"78"
"BGM00041923","TEJGAON, BG","2024-08-19","0.17","80","82","79"
"BGM00041923","TEJGAON, BG","2024-08-20","0.20","85","90",
"BGM00041923","TEJGAON, BG","2024-08-21","1.49","81",,"79"
"BGM00041923","TEJGAON, BG","2024-08-22","0.42","80","82","79"
"BGM00041923","TEJGAON, BG","2024-08-23","0.02","83",,
"BGM00041923","TEJGAON, BG","2024-08-24","1.45","85","93",
"BGM00041923","TEJGAON, BG","2024-08-25","0.13","82","89","79"
"BGM00041923","TEJGAON, BG","2024-08-26","0.08","82","86","78"
"BGM00041923","TEJGAON, BG","2024-08-27","0.17","84","91","80"
"BGM00041923","TEJGAON, BG","2024-08-28","0.00","84",,"80"
"BGM00041923","TEJGAON, BG","2024-08-29","0.16","87",,"80"
"BGM00041923","TEJGAON, BG","2024-08-30","0.18","88",,"79"
"BGM00041923","TEJGAON, BG","2024-08-31","0.00","87",,"83"
"BGM00041923","TEJGAON, BG","2024-09-01","0.10","86","91","81"
"BGM00041923","TEJGAON, BG","2024-09-02","0.48","84","92","81"
"BGM00041923","TEJGAON, BG","2024-09-03","3.92","82","89","75"
"BGM00041923","TEJGAON, BG","2024-09-04","0.43","86",,
"BGM00041923","TEJGAON, BG","2024-09-05","0.00","85","91","80"
"BGM00041923","TEJGAON, BG","2024-09-06","0.07","86",,
"BGM00041923","TEJGAON, BG","2024-09-07","0.49","87","94","78"
"BGM00041923","TEJGAON, BG","2024-09-08","0.03","89",,"81"
"BGM00041923","TEJGAON, BG","2024-09-09","0.63","88","94",
"BGM00041923","TEJGAON, BG","2024-09-10","0.22","88",,"79"
"BGM00041923","TEJGAON, BG","2024-09-11","0.01","89",,"83"
"BGM00041923","TEJGAON, BG","2024-09-12","0.02","90",,"83"
"BGM00041923","TEJGAON, BG","2024-09-13","0.21","86",,
"BGM00041923","TEJGAON, BG","2024-09-14","1.21","78","80","77"
"BGM00041923","TEJGAON, BG","2024-09-15","5.13","78",,
"BGM00041923","TEJGAON, BG","2024-09-16","0.56","83",,"76"
"BGM00041923","TEJGAON, BG","2024-09-17","0.00","87",,"79"
"BGM00041923","TEJGAON, BG","2024-09-18","0.00","89",,"81"
"BGM00041923","TEJGAON, BG","2024-09-19","0.00","92",,"85"
"BGM00041923","TEJGAON, BG","2024-09-20","0.00","92",,"86"
"BGM00041923","TEJGAON, BG","2024-09-21","0.29","83","93",
"BGM00041923","TEJGAON, BG","2024-09-22","0.00","89",,"78"
"BGM00041923","TEJGAON, BG","2024-09-23","0.11","89","98",
"BGM00041923","TEJGAON, BG","2024-09-24","0.17","87",,"81"
"BGM00041923","TEJGAON, BG","2024-09-25","1.75","80","83",
"BGM00041923","TEJGAON, BG","2024-09-26","2.80","79",,
"BGM00041923","TEJGAON, BG","2024-09-27","0.43","82","88","76"
"BGM00041923","TEJGAON, BG","2024-09-28","0.00","86",,"79"
"BGM00041923","TEJGAON, BG","2024-09-29","0.00","87",,"82"
"BGM00041923","TEJGAON, BG","2024-09-30","0.52","85",,
"BGM00041923","TEJGAON, BG","2024-10-01","0.07","86","95","79"
"BGM00041923","TEJGAON, BG","2024-10-02","1.48","84","92",
"BGM00041923","TEJGAON, BG","2024-10-03","0.70","81","82","78"
"BGM00041923","TEJGAON, BG","2024-10-04","2.27","80",,
"BGM00041923","TEJGAON, BG","2024-10-05","1.62","79","81","76"
"BGM00041923","TEJGAON, BG","2024-10-06","0.00","85",,"78"
"BGM00041923","TEJGAON, BG","2024-10-07","0.25","83",,"80"
"BGM00041923","TEJGAON, BG","2024-10-08","0.13","83","94","79"
"BGM00041923","TEJGAON, BG","2024-10-09","0.15","81",,
"BGM00041923","TEJGAON, BG","2024-10-10","0.05","84",,"77"
"BGM00041923","TEJGAON, BG","2024-10-11","0.80","84","93",
"BGM00041923","TEJGAON, BG","2024-10-12","1.14","82",,"75"
"BGM00041923","TEJGAON, BG","2024-10-13","1.11","85",,"78"
"BGM00041923","TEJGAON, BG","2024-10-14","0.00","84",,"79"
"BGM00041923","TEJGAON, BG","2024-10-15","0.00","83",,"77"
"BGM00041923","TEJGAON, BG","2024-10-16","0.00","84","91","78"
"BGM00041923","TEJGAON, BG","2024-10-17","0.10","82","89","79"
"BGM00041923","TEJGAON, BG","2024-10-18","0.69","80",,
"BGM00041923","TEJGAON, BG","2024-10-19","0.06","83",,"77"
"BGM00041923","TEJGAON, BG","2024-10-20","0.00","83",,"77"
"BGM00041923","TEJGAON, BG","2024-10-21","0.00","83",,"76"
"BGM00041923","TEJGAON, BG","2024-10-22","0.00","86",,"77"
"BGM00041923","TEJGAON, BG","2024-10-23","0.10","83",,
"BGM00041923","TEJGAON, BG","2024-10-24","0.61","76","82",
"BGM00041923","TEJGAON, BG","2024-10-25","0.01","83","90","72"
"BGM00041923","TEJGAON, BG","2024-10-26",,"84",,
"BGM00041923","TEJGAON, BG","2024-10-27","0.00","85","92","77"
"BGM00041923","TEJGAON, BG","2024-10-28","0.00","84",,
"BGM00041923","TEJGAON, BG","2024-10-29","0.00","85",,"76"
"BGM00041923","TEJGAON, BG","2024-10-30","0.00","85","93","78"
"BGM00041923","TEJGAON, BG","2024-10-31","0.00","85",,"81"
"BGM00041923","TEJGAON, BG","2024-11-01","0.00","84","93",
"BGM00041923","TEJGAON, BG","2024-11-02","0.00","82",,"75"
"BGM00041923","TEJGAON, BG","2024-11-03","0.00","82",,"76"
"BGM00041923","TEJGAON, BG","2024-11-04","0.00","83","92","74"
"BGM00041923","TEJGAON, BG","2024-11-05","0.76","82",,
"BGM00041923","TEJGAON, BG","2024-11-06","0.12","77","89","69"
"BGM00041923","TEJGAON, BG","2024-11-07","0.00","80",,"71"
"BGM00041923","TEJGAON, BG","2024-11-08","0.00","80",,"72"
"BGM00041923","TEJGAON, BG","2024-11-09","0.00","79",,"72"
"BGM00041923","TEJGAON, BG","2024-11-10","0.00","80",,"70"
"BGM00041923","TEJGAON, BG","2024-11-11","0.00","82","91","72"
"BGM00041923","TEJGAON, BG","2024-11-12","0.00","81",,"73"
"BGM00041923","TEJGAON, BG","2024-11-13","0.00","80",,"71"
"BGM00041923","TEJGAON, BG","2024-11-14","0.00","80",,"72"
"BGM00041923","TEJGAON, BG","2024-11-15","0.00","79",,"72"
"BGM00041923","TEJGAON, BG","2024-11-16","0.00","79",,"71"
"BGM00041923","TEJGAON, BG","2024-11-17",,"76",,"68"
"BGM00041923","TEJGAON, BG","2024-11-22","0.00","76",,"66"
"BGM00041923","TEJGAON, BG","2024-11-23","0.00","75",,"68"
"BGM00041923","TEJGAON, BG","2024-11-24","0.00","75",,"69"
"BGM00041923","TEJGAON, BG","2024-11-25","0.00","74",,"68"
"BGM00041923","TEJGAON, BG","2024-11-26","0.00","73",,"67"
"BGM00041923","TEJGAON, BG","2024-11-27","0.00","74",,"64"
"BGM00041923","TEJGAON, BG","2024-11-28","0.00","76",,"65"
"BGM00041923","TEJGAON, BG","2024-11-29","0.00","78",,"69"
"BGM00041923","TEJGAON, BG","2024-11-30","0.02","76","87",
"BGM00041923","TEJGAON, BG","2024-12-02","0.00","76","85","68"
"BGM00041923","TEJGAON, BG","2024-12-03","0.00","76","85","66"
"BGM00041923","TEJGAON, BG","2024-12-04","0.00","74",,"64"
"BGM00041923","TEJGAON, BG","2024-12-05","0.00","73","84","63"
"BGM00041923","TEJGAON, BG","2024-12-06","0.00","71",,
"BGM00041923","TEJGAON, BG","2024-12-07","0.00","69",,
"BGM00041923","TEJGAON, BG","2024-12-08","0.00","69",,"58"
"BGM00041923","TEJGAON, BG","2024-12-09","0.00","70","80","60"
"BGM00041923","TEJGAON, BG","2024-12-10","0.00","70",,"62"
"BGM00041923","TEJGAON, BG","2024-12-11","0.00","67","78","60"
"BGM00041923","TEJGAON, BG","2024-12-12","0.00","63",,"59"
"BGM00041923","TEJGAON, BG","2024-12-13","0.00","66",,"59"
"BGM00041923","TEJGAON, BG","2024-12-14","0.00","66",,"61"
"BGM00041923","TEJGAON, BG","2024-12-15","0.00","67",,
"BGM00041923","TEJGAON, BG","2024-12-16","0.00","69",,"57"
"BGM00041923","TEJGAON, BG","2024-12-17","0.00","72",,"58"
"BGM00041923","TEJGAON, BG","2024-12-18","0.00","69",,
"BGM00041923","TEJGAON, BG","2024-12-19","0.00","69",,"60"
"BGM00041923","TEJGAON, BG","2024-12-20","0.00","69","81","61"
"BGM00041923","TEJGAON, BG","2024-12-21","0.00","69",,
"BGM00041923","TEJGAON, BG","2024-12-22","0.00","67","80","60"
"BGM00041923","TEJGAON, BG","2024-12-23","0.00","69",,"59"
"BGM00041923","TEJGAON, BG","2024-12-24","0.00","70",,"59"
"BGM00041923","TEJGAON, BG","2024-12-25","0.00","69",,"63"
"BGM00041923","TEJGAON, BG","2024-12-26","0.00","73","83","62"
"BGM00041923","TEJGAON, BG","2024-12-27","0.00","70",,"63"
"BGM00041923","TEJGAON, BG","2024-12-28","0.00","70",,"61"
"BGM00041923","TEJGAON, BG","2024-12-29","0.00","71",,"61"
"BGM00041923","TEJGAON, BG","2024-12-30","0.00","72",,"65"
"BGM00041923","TEJGAON, BG","2024-12-31","0.00","66","76","60"
"BGM00041923","TEJGAON, BG","2025-01-01","0.00","63",,"59"
"BGM00041923","TEJGAON, BG","2025-01-02","0.00","58",,"57"
"BGM00041923","TEJGAON, BG","2025-01-03","0.00","60",,"56"
"BGM00041923","TEJGAON, BG","2025-01-04","0.00","65",,"55"
"BGM00041923","TEJGAON, BG","2025-01-05","0.00","69",,"59"
"BGM00041923","TEJGAON, BG","2025-01-06","0.00","73",,"62"
"BGM00041923","TEJGAON, BG","2025-01-07","0.00","71",,"64"
"BGM00041923","TEJGAON, BG","2025-01-08","0.00","64",,
"BGM00041923","TEJGAON, BG","2025-01-09","0.00","65","74","58"
"BGM00041923","TEJGAON, BG","2025-01-10","0.00","66","78","58"
"BGM00041923","TEJGAON, BG","2025-01-11","0.00","67",,"56"
"BGM00041923","TEJGAON, BG","2025-01-12","0.00","71",,"58"
"BGM00041923","TEJGAON, BG","2025-01-13","0.00","71","81","59"
"BGM00041923","TEJGAON, BG","2025-01-14","0.00","71",,"62"
"BGM00041923","TEJGAON, BG","2025-01-15","0.00","70","81","63"
"BGM00041923","TEJGAON, BG","2025-01-16","0.00","70",,"60"
"BGM00041923","TEJGAON, BG","2025-01-17","0.00","72",,"62"
"BGM00041923","TEJGAON, BG","2025-01-18","0.00","71",,"63"
"BGM00041923","TEJGAON, BG","2025-01-19","0.00","69","79","63"
"BGM00041923","TEJGAON, BG","2025-01-20","0.00","68",,"60"
"BGM00041923","TEJGAON, BG","2025-01-21","0.00","67","76","58"
"BGM00041923","TEJGAON, BG","2025-01-22","0.00","68","78","60"
"BGM00041923","TEJGAON, BG","2025-01-23","0.00","64",,"57"
"BGM00041923","TEJGAON, BG","2025-01-24","0.00","65","75","56"
"BGM00041923","TEJGAON, BG","2025-01-25","0.00","67","78","60"
"BGM00041923","TEJGAON, BG","2025-01-26",,"68",,"56"
"BGM00041923","TEJGAON, BG","2025-01-27","0.00","68","77","60"
"BGM00041923","TEJGAON, BG","2025-01-28","0.00","67","81","59"
"BGM00041923","TEJGAON, BG","2025-01-29","0.00","68",,"59"
"BGM00041923","TEJGAON, BG","2025-01-30","0.00","72",,"60"
"BGM00041923","TEJGAON, BG","2025-01-31","0.00","74",,"70"
"BGM00041923","TEJGAON, BG","2025-02-01","0.00","74","83","69"
"BGM00041923","TEJGAON, BG","2025-02-02","0.00","73",,"67"
"BGM00041923","TEJGAON, BG","2025-02-03","0.00","72",,
"BGM00041923","TEJGAON, BG","2025-02-04","0.00","72",,"61"
"BGM00041923","TEJGAON, BG","2025-02-05","0.00","73",,"64"
"BGM00041923","TEJGAON, BG","2025-02-06","0.00","74",,"65"
"BGM00041923","TEJGAON, BG","2025-02-07","0.00","70",,
"BGM00041923","TEJGAON, BG","2025-02-08","0.00","71",,"60"
"BGM00041923","TEJGAON, BG","2025-02-09","0.00","69",,"61"
"BGM00041923","TEJGAON, BG","2025-02-10","0.00","71","84","59"
"BGM00041923","TEJGAON, BG","2025-02-11","0.00","75",,"64"
"BGM00041923","TEJGAON, BG","2025-02-12","0.00","76","85","68"
"BGM00041923","TEJGAON, BG","2025-02-13","0.00","78",,"72"
"BGM00041923","TEJGAON, BG","2025-02-14","0.00","72",,
"BGM00041923","TEJGAON, BG","2025-02-15","0.00","73","84","61"
"BGM00041923","TEJGAON, BG","2025-02-16","0.00","75","88","62"
"BGM00041923","TEJGAON, BG","2025-02-17","0.00","78",,"68"
"BGM00041923","TEJGAON, BG","2025-02-18",,"77",,"70"
"BGM00041923","TEJGAON, BG","2025-02-19","0.00","77",,"68"
"BGM00041923","TEJGAON, BG","2025-02-20","0.00","79",,"69"
"BGM00041923","TEJGAON, BG","2025-02-21","0.00","78",,
"BGM00041923","TEJGAON, BG","2025-02-22","0.31","75",,
"BGM00041923","TEJGAON, BG","2025-02-23","0.00","74",,"67"
"BGM00041923","TEJGAON, BG","2025-02-24","0.00","76",,"66"
"BGM00041923","TEJGAON, BG","2025-02-25","0.00","76","88","66"
"BGM00041923","TEJGAON, BG","2025-02-26","0.00","76","88","63"
"BGM00041923","TEJGAON, BG","2025-02-27","0.00","77",,"65"
"BGM00041923","TEJGAON, BG","2025-02-28","0.00","78",,"68"
"BGM00041923","TEJGAON, BG","2025-03-01","0.00","81",,"69"
"BGM00041923","TEJGAON, BG","2025-03-02","0.00","81",,"74"
"BGM00041923","TEJGAON, BG","2025-03-03","0.00","81",,
"BGM00041923","TEJGAON, BG","2025-03-04","0.00","80",,"69"
"BGM00041923","TEJGAON, BG","2025-03-05","0.00","79",,
"BGM00041923","TEJGAON, BG","2025-03-06","0.00","77",,
"BGM00041923","TEJGAON, BG","2025-03-07","0.00","75","86","63"
"BGM00041923","TEJGAON, BG","2025-03-08","0.00","80",,"65"
"BGM00041923","TEJGAON, BG","2025-03-09","0.00","81",,"73"
"BGM00041923","TEJGAON, BG","2025-03-10","0.00","83",,"71"
"BGM00041923","TEJGAON, BG","2025-03-11","0.00","84","94","74"
"BGM00041923","TEJGAON, BG","2025-03-12","0.00","84",,"74"
"BGM00041923","TEJGAON, BG","2025-03-13","0.00","84",,"76"
"BGM00041923","TEJGAON, BG","2025-03-14","0.00","85",,"78"
"BGM00041923","TEJGAON, BG","2025-03-15","0.00","85",,"77"
"BGM00041923","TEJGAON, BG","2025-03-16","0.00","87","97",
"BGM00041923","TEJGAON, BG","2025-03-17","0.00","84",,"79"
"BGM00041923","TEJGAON, BG","2025-03-18","0.00","84","95",
"BGM00041923","TEJGAON, BG","2025-03-19","0.00","86",,"72"
"BGM00041923","TEJGAON, BG","2025-03-20","0.01","80",,
"BGM00041923","TEJGAON, BG","2025-03-21",,"79",,
"BGM00041923","TEJGAON, BG","2025-03-22","0.00","75","81",
"BGM00041923","TEJGAON, BG","2025-03-23","0.00","80","90","68"
"BGM00041923","TEJGAON, BG","2025-03-24","0.00","82",,"71"
"BGM00041923","TEJGAON, BG","2025-03-25","0.00","82",,
"BGM00041923","TEJGAON, BG","2025-03-26","0.00","84",,"71"
"BGM00041923","TEJGAON, BG","2025-03-27","0.00","87","97","78"
"BGM00041923","TEJGAON, BG","2025-03-28","0.00","89","101","78"
"BGM00041923","TEJGAON, BG","2025-03-29","0.00","88",,"78"
"BGM00041923","TEJGAON, BG","2025-03-30","0.00","88","99","73"
"BGM00041923","TEJGAON, BG","2025-03-31","0.00","87",,"80"
"BGM00041923","TEJGAON, BG","2025-04-01","0.00","85","92","78"
"BGM00041923","TEJGAON, BG","2025-04-02","0.00","86",,"79"
"BGM00041923","TEJGAON, BG","2025-04-03","0.00","88",,"79"
"BGM00041923","TEJGAON, BG","2025-04-04","0.00","85",,
"BGM00041923","TEJGAON, BG","2025-04-05","0.01","87",,
"BGM00041923","TEJGAON, BG","2025-04-06","0.34","85","97",
"BGM00041923","TEJGAON, BG","2025-04-07","0.00","85",,"71"
"BGM00041923","TEJGAON, BG","2025-04-08","0.00","85","96",
"BGM00041923","TEJGAON, BG","2025-04-09","0.00","87",,"77"
"BGM00041923","TEJGAON, BG","2025-04-10","0.02","83","96",
"BGM00041923","TEJGAON, BG","2025-04-11","0.11","84",,"73"
"BGM00041923","TEJGAON, BG","2025-04-12",,"87",,"79"
"BGM00041923","TEJGAON, BG","2025-04-13","0.00","86","95","78"
