"STATION","NAME","LATITUDE","LONGITUDE","ELEVATION","DATE","AWND","AWND_ATTRIBUTES","PGTM","PGTM_ATTRIBUTES","PRCP","PRCP_ATTRIBUTES","TAVG","TAVG_ATTRIBUTES","TMAX","TMAX_ATTRIBUTES","TMIN","TMIN_ATTRIBUTES","WDF2","WDF2_ATTRIBUTES","WDF5","WDF5_ATTRIBUTES","WSF2","WSF2_ATTRIBUTES","WSF5","WSF5_ATTRIBUTES","WT01","WT01_ATTRIBUTES","WT02","WT02_ATTRIBUTES","WT03","WT03_ATTRIBUTES","WT05","WT05_ATTRIBUTES","WT08","WT08_ATTRIBUTES"
"USW00023234","SAN FRANCISCO INTERNATIONAL AIRPORT, CA US","37.61962","-122.36562","3.2","2021-01-01","4.03",",,W",,,"0.00","T,,W,2400","50","H,,S","60",",,W","43",",,W","  280",",,W","  280",",,W","19.9",",,W","23.0",",,W","    1",",,W",,,,,,,"    1",",,W"
"USW00023234","SAN FRANCISCO INTERNATIONAL AIRPORT, CA US","37.61962","-122.36562","3.2","2021-01-02","2.91",",,W",,,"0.19",",,W,2400","51","H,,S","54",",,W","50",",,W","  160",",,W","  160",",,W","13.0",",,W","14.1",",,W","    1",",,W",,,,,,,"    1",",,W"
"USW00023234","SAN FRANCISCO INTERNATIONAL AIRPORT, CA US","37.61962","-122.36562","3.2","2021-01-03","2.46",",,W",,,"0.00",",,W,2400","52","H,,S","53",",,W","49",",,W","  280",",,W","  280",",,W","8.9",",,W","10.1",",,W","    1",",,W","    1",",,W",,,,,"    1",",,W"
"USW00023234","SAN FRANCISCO INTERNATIONAL AIRPORT, CA US","37.61962","-122.36562","3.2","2021-01-04","11.41",",,W",,,"0.30",",,W,2400","55","H,,S","62",",,W","51",",,W","  230",",,W","  220",",,W","29.1",",,W","38.0",",,W","    1",",,W",,,,,,,"    1",",,W"
"USW00023234","SAN FRANCISCO INTERNATIONAL AIRPORT, CA US","37.61962","-122.36562","3.2","2021-01-05","3.80",",,W",,,"0.00",",,W,2400","52","H,,S","58",",,W","45",",,W","  290",",,W","  280",",,W","12.1",",,W","13.0",",,W","    1",",,W",,,,,,,"    1",",,W"
"USW00023234","SAN FRANCISCO INTERNATIONAL AIRPORT, CA US","37.61962","-122.36562","3.2","2021-01-06","2.91",",,W",,,"0.02",",,W,2400","48","H,,S","56",",,W","42",",,W","   70",",,W","   70",",,W","16.1",",,W","17.0",",,W","    1",",,W",,,,,,,"    1",",,W"
"USW00023234","SAN FRANCISCO INTERNATIONAL AIRPORT, CA US","37.61962","-122.36562","3.2","2021-01-07","4.92",",,W",,,"0.00",",,W,2400","51","H,,S","58",",,W","44",",,W","   80",",,W","   70",",,W","14.1",",,W","15.0",",,W","    1",",,W",,,,,,,"    1",",,W"
"USW00023234","SAN FRANCISCO INTERNATIONAL AIRPORT, CA US","37.61962","-122.36562","3.2","2021-01-08","4.03",",,W",,,"0.00","T,,W,2400","53","H,,S","58",",,W","48",",,W","  130",",,W","  130",",,W","14.1",",,W","15.0",",,W","    1",",,W",,,,,,,"    1",",,W"
"USW00023234","SAN FRANCISCO INTERNATIONAL AIRPORT, CA US","37.61962","-122.36562","3.2","2021-01-09","4.47",",,W",,,"0.00",",,W,2400","51","H,,S","61",",,W","42",",,W","  290",",,W","  290",",,W","16.1",",,W","18.1",",,W","    1",",,W","    1",",,W",,,,,"    1",",,W"
"USW00023234","SAN FRANCISCO INTERNATIONAL AIRPORT, CA US","37.61962","-122.36562","3.2","2021-01-10","4.25",",,W",,,"0.00",",,W,2400","51","H,,S","58",",,W","43",",,W","   20",",,W","   20",",,W","15.0",",,W","17.0",",,W",,,,,,,,,"    1",",,W"
"USW00023234","SAN FRANCISCO INTERNATIONAL AIRPORT, CA US","37.61962","-122.36562","3.2","2021-01-11","4.70",",,W",,,"0.00",",,W,2400","52","H,,S","61",",,W","45",",,W","  290",",,W","  290",",,W","17.0",",,W","21.0",",,W","    1",",,W",,,,,,,"    1",",,W"
"USW00023234","SAN FRANCISCO INTERNATIONAL AIRPORT, CA US","37.61962","-122.36562","3.2","2021-01-12","2.01",",,W",,,"0.00",",,W,2400","53","H,,S","58",",,W","49",",,W","   40",",,W","  160",",,W","8.1",",,W","10.1",",,W","    1",",,W",,,,,,,"    1",",,W"
"USW00023234","SAN FRANCISCO INTERNATIONAL AIRPORT, CA US","37.61962","-122.36562","3.2","2021-01-13","3.13",",,W",,,"0.00",",,W,2400","56","H,,S","68",",,W","50",",,W","  150",",,W","  150",",,W","13.0",",,W","13.0",",,W","    1",",,W",,,,,,,"    1",",,W"
"USW00023234","SAN FRANCISCO INTERNATIONAL AIRPORT, CA US","37.61962","-122.36562","3.2","2021-01-14","5.37",",,W",,,"0.00",",,W,2400","56","H,,S","69",",,W","50",",,W","  290",",,W","  300",",,W","19.9",",,W","23.0",",,W","    1",",,W",,,,,,,"    1",",,W"
"USW00023234","SAN FRANCISCO INTERNATIONAL AIRPORT, CA US","37.61962","-122.36562","3.2","2021-01-15","2.91",",,W",,,"0.00",",,W,2400","54","H,,S","63",",,W","47",",,W","   10",",,W","   10",",,W","8.9",",,W","10.1",",,W","    1",",,W",,,,,,,"    1",",,W"
"USW00023234","SAN FRANCISCO INTERNATIONAL AIRPORT, CA US","37.61962","-122.36562","3.2","2021-01-16","5.59",",,W",,,"0.00",",,W,2400","57","H,,S","67",",,W","49",",,W","  300",",,W","  300",",,W","23.0",",,W","27.1",",,W","    1",",,W",,,,,,,,
"USW00023234","SAN FRANCISCO INTERNATIONAL AIRPORT, CA US","37.61962","-122.36562","3.2","2021-01-17","4.03",",,W",,,"0.00",",,W,2400","56","H,,S","74",",,W","48",",,W","  300",",,W","  310",",,W","16.1",",,W","19.0",",,W",,,,,,,,,"    1",",,W"
"USW00023234","SAN FRANCISCO INTERNATIONAL AIRPORT, CA US","37.61962","-122.36562","3.2","2021-01-18","10.29",",,W",,,"0.00",",,W,2400","60","H,,S","74",",,W","50",",,W","   10",",,W","   10",",,W","30.0",",,W","34.0",",,W",,,,,,,,,,
"USW00023234","SAN FRANCISCO INTERNATIONAL AIRPORT, CA US","37.61962","-122.36562","3.2","2021-01-19","23.71",",,W",,,"0.00",",,W,2400","62","H,,S","66",",,W","49",",,W","   30",",,W","   30",",,W","45.0",",,W","53.9",",,W",,,,,,,,,"    1",",,W"
"USW00023234","SAN FRANCISCO INTERNATIONAL AIRPORT, CA US","37.61962","-122.36562","3.2","2021-01-20","5.59",",,W",,,"0.00",",,W,2400","55","H,,S","67",",,W","47",",,W","  290",",,W","  290",",,W","14.1",",,W","16.1",",,W",,,,,,,,,"    1",",,W"
"USW00023234","SAN FRANCISCO INTERNATIONAL AIRPORT, CA US","37.61962","-122.36562","3.2","2021-01-21","6.93",",,W",,,"0.00",",,W,2400","52","H,,S","58",",,W","42",",,W","  300",",,W","  300",",,W","18.1",",,W","21.0",",,W",,,,,,,,,"    1",",,W"
"USW00023234","SAN FRANCISCO INTERNATIONAL AIRPORT, CA US","37.61962","-122.36562","3.2","2021-01-22","8.05",",,W",,,"0.07",",,W,2400","52","H,,S","55",",,W","49",",,W","  260",",,W","  260",",,W","23.9",",,W","28.0",",,W",,,,,,,,,"    1",",,W"
"USW00023234","SAN FRANCISCO INTERNATIONAL AIRPORT, CA US","37.61962","-122.36562","3.2","2021-01-23","7.83",",,W",,,"0.00",",,W,2400","52","H,,S","57",",,W","46",",,W","  270",",,W","  280",",,W","16.1",",,W","19.9",",,W",,,,,,,,,"    1",",,W"
"USW00023234","SAN FRANCISCO INTERNATIONAL AIRPORT, CA US","37.61962","-122.36562","3.2","2021-01-24","12.75",",,W",,,"0.15",",,W,2400","51","H,,S","53",",,W","46",",,W","  300",",,W","  300",",,W","32.0",",,W","38.9",",,W","    1",",,W",,,,,,,"    1",",,W"
"USW00023234","SAN FRANCISCO INTERNATIONAL AIRPORT, CA US","37.61962","-122.36562","3.2","2021-01-25","23.71",",,W",,,"0.00",",,W,2400","49","H,,S","54",",,W","46",",,W","  300",",,W","  310",",,W","36.0",",,W","46.1",",,W",,,,,,,,,"    1",",,W"
"USW00023234","SAN FRANCISCO INTERNATIONAL AIRPORT, CA US","37.61962","-122.36562","3.2","2021-01-26","13.65",",,W",,,"0.72",",,W,2400","47","H,,S","52",",,W","39",",,W","  140",",,W","  130",",,W","32.0",",,W","38.9",",,W","    1",",,W",,,,,,,"    1",",,W"
"USW00023234","SAN FRANCISCO INTERNATIONAL AIRPORT, CA US","37.61962","-122.36562","3.2","2021-01-27","12.53",",,W",,,"0.77",",,W,2400","51","H,,S","55",",,W","47",",,W","  220",",,W","  210",",,W","31.1",",,W","38.9",",,W","    1",",,W",,,,,,,"    1",",,W"
"USW00023234","SAN FRANCISCO INTERNATIONAL AIRPORT, CA US","37.61962","-122.36562","3.2","2021-01-28","6.71",",,W",,,"0.57",",,W,2400","51","H,,S","54",",,W","48",",,W","  130",",,W","  180",",,W","15.0",",,W","19.0",",,W","    1",",,W",,,,,,,"    1",",,W"
"USW00023234","SAN FRANCISCO INTERNATIONAL AIRPORT, CA US","37.61962","-122.36562","3.2","2021-01-29","4.25",",,W",,,"0.13",",,W,2400","49","H,,S","57",",,W","43",",,W","  280",",,W","  280",",,W","12.1",",,W","13.0",",,W","    1",",,W",,,,,,,"    1",",,W"
"USW00023234","SAN FRANCISCO INTERNATIONAL AIRPORT, CA US","37.61962","-122.36562","3.2","2021-01-30","2.24",",,W",,,"0.00",",,W,2400","51","H,,S","58",",,W","47",",,W","  220",",,W","  210",",,W","13.0",",,W","16.1",",,W",,,,,,,,,"    1",",,W"
"USW00023234","SAN FRANCISCO INTERNATIONAL AIRPORT, CA US","37.61962","-122.36562","3.2","2021-01-31","2.68",",,W",,,"0.00",",,W,2400","55","H,,S","61",",,W","50",",,W","   30",",,W","  360",",,W","6.9",",,W","8.1",",,W",,,,,,,,,"    1",",,W"
"USW00023234","SAN FRANCISCO INTERNATIONAL AIRPORT, CA US","37.61962","-122.36562","3.2","2021-02-01","9.62",",,W",,,"0.35",",,W,2400","55","H,,S","65",",,W","48",",,W","  200",",,W","  210",",,W","23.9",",,W","29.1",",,W","    1",",,W",,,,,,,"    1",",,W"
"USW00023234","SAN FRANCISCO INTERNATIONAL AIRPORT, CA US","37.61962","-122.36562","3.2","2021-02-02","6.49",",,W",,,"0.18",",,W,2400","57","H,,S","61",",,W","51",",,W","  280",",,W","  280",",,W","14.1",",,W","17.0",",,W","    1",",,W",,,,,,,"    1",",,W"
"USW00023234","SAN FRANCISCO INTERNATIONAL AIRPORT, CA US","37.61962","-122.36562","3.2","2021-02-03","8.28",",,W",,,"0.00",",,W,2400","52","H,,S","59",",,W","43",",,W","  280",",,W","  290",",,W","18.1",",,W","29.1",",,W",,,,,,,,,"    1",",,W"
"USW00023234","SAN FRANCISCO INTERNATIONAL AIRPORT, CA US","37.61962","-122.36562","3.2","2021-02-04","6.26",",,W",,,"0.00",",,W,2400","53","H,,S","62",",,W","45",",,W","   30",",,W","  290",",,W","16.1",",,W","18.1",",,W",,,,,,,,,,
"USW00023234","SAN FRANCISCO INTERNATIONAL AIRPORT, CA US","37.61962","-122.36562","3.2","2021-02-05","4.92",",,W",,,"0.00",",,W,2400","52","H,,S","67",",,W","43",",,W","  300",",,W","  290",",,W","23.0",",,W","25.9",",,W",,,,,,,,,"    1",",,W"
"USW00023234","SAN FRANCISCO INTERNATIONAL AIRPORT, CA US","37.61962","-122.36562","3.2","2021-02-06","5.59",",,W",,,"0.00",",,W,2400","53","H,,S","67",",,W","44",",,W","  300",",,W","  300",",,W","21.0",",,W","23.0",",,W","    1",",,W",,,,,,,"    1",",,W"
"USW00023234","SAN FRANCISCO INTERNATIONAL AIRPORT, CA US","37.61962","-122.36562","3.2","2021-02-07","6.26",",,W",,,"0.00",",,W,2400","53","H,,S","67",",,W","44",",,W","  290",",,W","  290",",,W","18.1",",,W","21.0",",,W","    1",",,W",,,,,,,"    1",",,W"
"USW00023234","SAN FRANCISCO INTERNATIONAL AIRPORT, CA US","37.61962","-122.36562","3.2","2021-02-08","6.71",",,W",,,"0.00",",,W,2400","52","H,,S","58",",,W","43",",,W","  270",",,W","  270",",,W","18.1",",,W","21.9",",,W","    1",",,W",,,,,,,"    1",",,W"
"USW00023234","SAN FRANCISCO INTERNATIONAL AIRPORT, CA US","37.61962","-122.36562","3.2","2021-02-09","6.26",",,W",,,"0.00","T,,W,2400","54","H,,S","60",",,W","51",",,W","  300",",,W","  300",",,W","17.0",",,W","19.0",",,W",,,,,,,,,"    1",",,W"
"USW00023234","SAN FRANCISCO INTERNATIONAL AIRPORT, CA US","37.61962","-122.36562","3.2","2021-02-10","8.50",",,W",,,"0.00",",,W,2400","54","H,,S","62",",,W","49",",,W","  280",",,W","  290",",,W","21.9",",,W","25.9",",,W",,,,,,,,,"    1",",,W"
"USW00023234","SAN FRANCISCO INTERNATIONAL AIRPORT, CA US","37.61962","-122.36562","3.2","2021-02-11","7.61",",,W",,,"0.43",",,W,2400","53","H,,S","57",",,W","45",",,W","  270",",,W","  270",",,W","29.1",",,W","38.9",",,W","    1",",,W",,,,,,,"    1",",,W"
"USW00023234","SAN FRANCISCO INTERNATIONAL AIRPORT, CA US","37.61962","-122.36562","3.2","2021-02-12","17.22",",,W",,,"0.00","T,,W,2400","55","H,,S","60",",,W","51",",,W","  290",",,W","  290",",,W","29.1",",,W","35.1",",,W","    1",",,W",,,,,,,"    1",",,W"
"USW00023234","SAN FRANCISCO INTERNATIONAL AIRPORT, CA US","37.61962","-122.36562","3.2","2021-02-13","18.12",",,W",,,"0.05",",,W,2400","55","H,,S","60",",,W","50",",,W","  290",",,W","  290",",,W","36.0",",,W","42.1",",,W","    1",",,W",,,,,,,"    1",",,W"
"USW00023234","SAN FRANCISCO INTERNATIONAL AIRPORT, CA US","37.61962","-122.36562","3.2","2021-02-14","9.17",",,W",,,"0.01",",,W,2400","53","H,,S","58",",,W","50",",,W","  300",",,W","  300",",,W","23.0",",,W","28.0",",,W","    1",",,W",,,,,,,"    1",",,W"
"USW00023234","SAN FRANCISCO INTERNATIONAL AIRPORT, CA US","37.61962","-122.36562","3.2","2021-02-15","11.86",",,W",,,"0.14",",,W,2400","56","H,,S","59",",,W","52",",,W","  280",",,W","  290",",,W","30.0",",,W","35.1",",,W","    1",",,W",,,,,,,"    1",",,W"
"USW00023234","SAN FRANCISCO INTERNATIONAL AIRPORT, CA US","37.61962","-122.36562","3.2","2021-02-16","14.99",",,W",,,"0.00",",,W,2400","53","H,,S","58",",,W","49",",,W","  290",",,W","  290",",,W","25.9",",,W","32.0",",,W","    1",",,W",,,,,,,"    1",",,W"
"USW00023234","SAN FRANCISCO INTERNATIONAL AIRPORT, CA US","37.61962","-122.36562","3.2","2021-02-17","8.95",",,W",,,"0.00",",,W,2400","52","H,,S","64",",,W","44",",,W","  360",",,W","  340",",,W","18.1",",,W","21.9",",,W","    1",",,W",,,,,,,"    1",",,W"
"USW00023234","SAN FRANCISCO INTERNATIONAL AIRPORT, CA US","37.61962","-122.36562","3.2","2021-02-18","4.25",",,W",,,"0.00",",,W,2400","52","H,,S","65",",,W","43",",,W","  300",",,W","  300",",,W","17.0",",,W","19.0",",,W",,,,,,,,,,
"USW00023234","SAN FRANCISCO INTERNATIONAL AIRPORT, CA US","37.61962","-122.36562","3.2","2021-02-19","8.95",",,W",,,"0.03",",,W,2400","56","H,,S","60",",,W","51",",,W","  280",",,W","  270",",,W","21.0",",,W","23.9",",,W","    1",",,W",,,,,,,"    1",",,W"
"USW00023234","SAN FRANCISCO INTERNATIONAL AIRPORT, CA US","37.61962","-122.36562","3.2","2021-02-20","15.66",",,W",,,"0.06",",,W,2400","54","H,,S","60",",,W","50",",,W","  270",",,W","  300",",,W","29.1",",,W","36.0",",,W","    1",",,W",,,,,,,,
"USW00023234","SAN FRANCISCO INTERNATIONAL AIRPORT, CA US","37.61962","-122.36562","3.2","2021-02-21","5.59",",,W",,,"0.00",",,W,2400","53","H,,S","64",",,W","44",",,W","  280",",,W","  280",",,W","19.9",",,W","21.9",",,W",,,,,,,,,"    1",",,W"
"USW00023234","SAN FRANCISCO INTERNATIONAL AIRPORT, CA US","37.61962","-122.36562","3.2","2021-02-22","4.92",",,W",,,"0.00",",,W,2400","56","H,,S","72",",,W","46",",,W","  290",",,W","  280",",,W","21.0",",,W","23.9",",,W",,,,,,,,,,
"USW00023234","SAN FRANCISCO INTERNATIONAL AIRPORT, CA US","37.61962","-122.36562","3.2","2021-02-23","8.50",",,W",,,"0.00",",,W,2400","59","H,,S","76",",,W","50",",,W","  290",",,W","  290",",,W","23.9",",,W","27.1",",,W",,,,,,,,,"    1",",,W"
"USW00023234","SAN FRANCISCO INTERNATIONAL AIRPORT, CA US","37.61962","-122.36562","3.2","2021-02-24","8.05",",,W",,,"0.00",",,W,2400","57","H,,S","71",",,W","49",",,W","  290",",,W","  340",",,W","17.0",",,W","21.9",",,W",,,,,,,,,,
"USW00023234","SAN FRANCISCO INTERNATIONAL AIRPORT, CA US","37.61962","-122.36562","3.2","2021-02-25","11.18",",,W",,,"0.00",",,W,2400","60","H,,S","66",",,W","50",",,W","  290",",,W","  280",",,W","21.9",",,W","29.1",",,W",,,,,,,,,"    1",",,W"
"USW00023234","SAN FRANCISCO INTERNATIONAL AIRPORT, CA US","37.61962","-122.36562","3.2","2021-02-26","16.55",",,W",,,"0.00",",,W,2400","54","H,,S","61",",,W","47",",,W","  290",",,W","  290",",,W","32.0",",,W","38.9",",,W",,,,,,,,,"    1",",,W"
"USW00023234","SAN FRANCISCO INTERNATIONAL AIRPORT, CA US","37.61962","-122.36562","3.2","2021-02-27","11.86",",,W",,,"0.00",",,W,2400","52","H,,S","61",",,W","45",",,W","  290",",,W","  300",",,W","28.0",",,W","33.1",",,W",,,,,,,,,"    1",",,W"
"USW00023234","SAN FRANCISCO INTERNATIONAL AIRPORT, CA US","37.61962","-122.36562","3.2","2021-02-28","6.26",",,W"," 1643",",,W","0.00",",,W,2400","55","H,,S","69",",,W","48",",,W","  290",",,W","  290",",,W","21.0",",,W","21.9",",,W",,,,,,,,,"    1",",,W"
"USW00023234","SAN FRANCISCO INTERNATIONAL AIRPORT, CA US","37.61962","-122.36562","3.2","2021-03-01","6.04",",,W",,,"0.00",",,W,2400","55","H,,S","69",",,W","45",",,W","  200",",,W","  200",",,W","23.9",",,W","28.0",",,W",,,,,,,,,,
"USW00023234","SAN FRANCISCO INTERNATIONAL AIRPORT, CA US","37.61962","-122.36562","3.2","2021-03-02","8.05",",,W",,,"0.00",",,W,2400","55","H,,S","65",",,W","44",",,W","  280",",,W","  290",",,W","18.1",",,W","19.9",",,W",,,,,,,,,"    1",",,W"
"USW00023234","SAN FRANCISCO INTERNATIONAL AIRPORT, CA US","37.61962","-122.36562","3.2","2021-03-03","5.82",",,W",,,"0.00",",,W,2400","55","H,,S","64",",,W","48",",,W","  230",",,W","  230",",,W","19.9",",,W","21.9",",,W",,,,,,,,,,
"USW00023234","SAN FRANCISCO INTERNATIONAL AIRPORT, CA US","37.61962","-122.36562","3.2","2021-03-04","5.82",",,W",,,"0.00",",,W,2400","53","H,,S","63",",,W","45",",,W","  240",",,W","  230",",,W","21.0",",,W","23.9",",,W",,,,,,,,,,
"USW00023234","SAN FRANCISCO INTERNATIONAL AIRPORT, CA US","37.61962","-122.36562","3.2","2021-03-05","9.62",",,W",,,"0.21",",,W,2400","55","H,,S","65",",,W","46",",,W","  290",",,W","  270",",,W","35.1",",,W","47.0",",,W",,,,,,,,,"    1",",,W"
"USW00023234","SAN FRANCISCO INTERNATIONAL AIRPORT, CA US","37.61962","-122.36562","3.2","2021-03-06","11.86",",,W",,,"0.01",",,W,2400","55","H,,S","58",",,W","47",",,W","  280",",,W","  280",",,W","23.9",",,W","28.0",",,W","    1",",,W",,,,,,,"    1",",,W"
"USW00023234","SAN FRANCISCO INTERNATIONAL AIRPORT, CA US","37.61962","-122.36562","3.2","2021-03-07","9.84",",,W",,,"0.00",",,W,2400","52","H,,S","60",",,W","44",",,W","  270",",,W","  310",",,W","18.1",",,W","23.9",",,W",,,,,,,,,,
"USW00023234","SAN FRANCISCO INTERNATIONAL AIRPORT, CA US","37.61962","-122.36562","3.2","2021-03-08","11.18",",,W",,,"0.00",",,W,2400","53","H,,S","59",",,W","45",",,W","  210",",,W","  210",",,W","21.0",",,W","25.9",",,W",,,,,,,,,,
"USW00023234","SAN FRANCISCO INTERNATIONAL AIRPORT, CA US","37.61962","-122.36562","3.2","2021-03-09","10.51",",,W",,,"0.20",",,W,2400","53","H,,S","60",",,W","48",",,W","  220",",,W","  220",",,W","21.9",",,W","25.9",",,W",,,,,,,,,"    1",",,W"
"USW00023234","SAN FRANCISCO INTERNATIONAL AIRPORT, CA US","37.61962","-122.36562","3.2","2021-03-10","7.38",",,W",,,"0.47",",,W,2400","50","H,,S","56",",,W","45",",,W","  210",",,W","  210",",,W","21.9",",,W","25.9",",,W","    1",",,W",,,"    1",",,W",,,"    1",",,W"
"USW00023234","SAN FRANCISCO INTERNATIONAL AIRPORT, CA US","37.61962","-122.36562","3.2","2021-03-11","10.07",",,W",,,"0.09",",,W,2400","49","H,,S","59",",,W","43",",,W","  290",",,W","  290",",,W","25.9",",,W","31.1",",,W","    1",",,W",,,,,,,,
"USW00023234","SAN FRANCISCO INTERNATIONAL AIRPORT, CA US","37.61962","-122.36562","3.2","2021-03-12","9.62",",,W",,,"0.00",",,W,2400","52","H,,S","65",",,W","43",",,W","  280",",,W","  280",",,W","23.0",",,W","27.1",",,W",,,,,,,,,,
"USW00023234","SAN FRANCISCO INTERNATIONAL AIRPORT, CA US","37.61962","-122.36562","3.2","2021-03-13","12.97",",,W",,,"0.00",",,W,2400","53","H,,S","56",",,W","50",",,W","  270",",,W","  280",",,W","23.0",",,W","28.0",",,W",,,,,,,,,,
"USW00023234","SAN FRANCISCO INTERNATIONAL AIRPORT, CA US","37.61962","-122.36562","3.2","2021-03-14","12.30",",,W",,,"0.17",",,W,2400","53","H,,S","58",",,W","47",",,W","  190",",,W","  290",",,W","25.9",",,W","31.1",",,W","    1",",,W",,,,,,,"    1",",,W"
"USW00023234","SAN FRANCISCO INTERNATIONAL AIRPORT, CA US","37.61962","-122.36562","3.2","2021-03-15","18.79",",,W",,,"0.03",",,W,2400","50","H,,S","55",",,W","45",",,W","  280",",,W","  280",",,W","38.9",",,W","48.1",",,W",,,,,,,,,,
"USW00023234","SAN FRANCISCO INTERNATIONAL AIRPORT, CA US","37.61962","-122.36562","3.2","2021-03-16","9.62",",,W",,,"0.00",",,W,2400","50","H,,S","57",",,W","43",",,W","  270",",,W","  280",",,W","19.9",",,W","23.9",",,W",,,,,,,,,,
"USW00023234","SAN FRANCISCO INTERNATIONAL AIRPORT, CA US","37.61962","-122.36562","3.2","2021-03-17","5.82",",,W",,,"0.00",",,W,2400","49","H,,S","56",",,W","43",",,W","  210",",,W","  220",",,W","14.1",",,W","18.1",",,W",,,,,,,,,,
"USW00023234","SAN FRANCISCO INTERNATIONAL AIRPORT, CA US","37.61962","-122.36562","3.2","2021-03-18","8.50",",,W",,,"0.16",",,W,2400","53","H,,S","58",",,W","51",",,W","  180",",,W","  190",",,W","23.0",",,W","29.1",",,W","    1",",,W",,,,,,,"    1",",,W"
"USW00023234","SAN FRANCISCO INTERNATIONAL AIRPORT, CA US","37.61962","-122.36562","3.2","2021-03-19","8.05",",,W",,,"0.01",",,W,2400","56","H,,S","61",",,W","51",",,W","  290",",,W","  290",",,W","18.1",",,W","23.0",",,W","    1",",,W",,,,,,,"    1",",,W"
"USW00023234","SAN FRANCISCO INTERNATIONAL AIRPORT, CA US","37.61962","-122.36562","3.2","2021-03-20","14.32",",,W",,,"0.03",",,W,2400","54","H,,S","58",",,W","48",",,W","  280",",,W","  280",",,W","28.0",",,W","35.1",",,W",,,,,,,,,,
"USW00023234","SAN FRANCISCO INTERNATIONAL AIRPORT, CA US","37.61962","-122.36562","3.2","2021-03-21","13.42",",,W",,,"0.00",",,W,2400","52","H,,S","61",",,W","44",",,W","  270",",,W","  270",",,W","31.1",",,W","36.9",",,W",,,,,,,,,,
"USW00023234","SAN FRANCISCO INTERNATIONAL AIRPORT, CA US","37.61962","-122.36562","3.2","2021-03-22","19.69",",,W",,,"0.00",",,W,2400","53","H,,S","61",",,W","49",",,W","  280",",,W","  280",",,W","33.1",",,W","40.9",",,W",,,,,,,,,,
"USW00023234","SAN FRANCISCO INTERNATIONAL AIRPORT, CA US","37.61962","-122.36562","3.2","2021-03-23","16.33",",,W",,,"0.00",",,W,2400","55","H,,S","66",",,W","47",",,W","  360",",,W","  350",",,W","28.0",",,W","33.1",",,W",,,,,,,,,,
"USW00023234","SAN FRANCISCO INTERNATIONAL AIRPORT, CA US","37.61962","-122.36562","3.2","2021-03-24","13.42",",,W",,,"0.00",",,W,2400","62","H,,S","69",",,W","51",",,W","  290",",,W","  280",",,W","33.1",",,W","40.0",",,W",,,,,,,,,"    1",",,W"
"USW00023234","SAN FRANCISCO INTERNATIONAL AIRPORT, CA US","37.61962","-122.36562","3.2","2021-03-25","18.79",",,W",,,"0.00",",,W,2400","54","H,,S","60",",,W","48",",,W","  290",",,W","  290",",,W","35.1",",,W","40.9",",,W",,,,,,,,,"    1",",,W"
"USW00023234","SAN FRANCISCO INTERNATIONAL AIRPORT, CA US","37.61962","-122.36562","3.2","2021-03-26","7.16",",,W",,,"0.00",",,W,2400","54","H,,S","71",",,W","45",",,W","  280",",,W","  270",",,W","23.0",",,W","27.1",",,W",,,,,,,,,"    1",",,W"
"USW00023234","SAN FRANCISCO INTERNATIONAL AIRPORT, CA US","37.61962","-122.36562","3.2","2021-03-27","8.05",",,W",,,"0.00",",,W,2400","57","H,,S","77",",,W","46",",,W","  290",",,W","  290",",,W","19.9",",,W","21.9",",,W",,,,,,,,,,
"USW00023234","SAN FRANCISCO INTERNATIONAL AIRPORT, CA US","37.61962","-122.36562","3.2","2021-03-28","10.51",",,W",,,"0.00",",,W,2400","58","H,,S","68",",,W","48",",,W","  300",",,W","  300",",,W","28.0",",,W","30.0",",,W",,,,,,,,,,
"USW00023234","SAN FRANCISCO INTERNATIONAL AIRPORT, CA US","37.61962","-122.36562","3.2","2021-03-29","13.20",",,W",,,"0.00",",,W,2400","53","H,,S","63",",,W","48",",,W","  270",",,W","  280",",,W","21.9",",,W","30.0",",,W",,,,,,,,,,
"USW00023234","SAN FRANCISCO INTERNATIONAL AIRPORT, CA US","37.61962","-122.36562","3.2","2021-03-30","4.92",",,W",,,"0.00",",,W,2400","59","H,,S","77",",,W","49",",,W","  280",",,W","  280",",,W","19.9",",,W","23.0",",,W",,,,,,,,,,
"USW00023234","SAN FRANCISCO INTERNATIONAL AIRPORT, CA US","37.61962","-122.36562","3.2","2021-03-31","5.82",",,W",,,"0.00",",,W,2400","64","H,,S","81",",,W","54",",,W","  290",",,W","  280",",,W","13.0",",,W","14.1",",,W",,,,,,,,,,
"USW00023234","SAN FRANCISCO INTERNATIONAL AIRPORT, CA US","37.61962","-122.36562","3.2","2021-04-01","6.71",",,W",,,"0.00",",,W,2400","66","H,,S","84",",,W","54",",,W","  300",",,W","  280",",,W","23.0",",,W","25.9",",,W",,,,,,,,,"    1",",,W"
"USW00023234","SAN FRANCISCO INTERNATIONAL AIRPORT, CA US","37.61962","-122.36562","3.2","2021-04-02","14.54",",,W",,,"0.00",",,W,2400","60","H,,S","70",",,W","50",",,W","  300",",,W","  280",",,W","25.1",",,W","30.0",",,W",,,,,,,,,"    1",",,W"
"USW00023234","SAN FRANCISCO INTERNATIONAL AIRPORT, CA US","37.61962","-122.36562","3.2","2021-04-03","11.41",",,W",,,"0.00",",,W,2400","55","H,,S","63",",,W","51",",,W","  290",",,W","  280",",,W","23.0",",,W","28.0",",,W",,,,,,,,,,
"USW00023234","SAN FRANCISCO INTERNATIONAL AIRPORT, CA US","37.61962","-122.36562","3.2","2021-04-04","12.97",",,W",,,"0.00",",,W,2400","56","H,,S","62",",,W","52",",,W","  290",",,W","  290",",,W","23.9",",,W","28.0",",,W",,,,,,,,,,
"USW00023234","SAN FRANCISCO INTERNATIONAL AIRPORT, CA US","37.61962","-122.36562","3.2","2021-04-05","11.86",",,W",,,"0.00",",,W,2400","54","H,,S","57",",,W","52",",,W","  280",",,W","  280",",,W","19.9",",,W","23.9",",,W",,,,,,,,,"    1",",,W"
"USW00023234","SAN FRANCISCO INTERNATIONAL AIRPORT, CA US","37.61962","-122.36562","3.2","2021-04-06","12.30",",,W",,,"0.00",",,W,2400","54","H,,S","63",",,W","50",",,W","  280",",,W","  280",",,W","25.9",",,W","32.0",",,W",,,,,,,,,"    1",",,W"
"USW00023234","SAN FRANCISCO INTERNATIONAL AIRPORT, CA US","37.61962","-122.36562","3.2","2021-04-07","16.55",",,W",,,"0.00",",,W,2400","54","H,,S","59",",,W","50",",,W","  280",",,W","  280",",,W","31.1",",,W","36.0",",,W",,,,,,,,,,
"USW00023234","SAN FRANCISCO INTERNATIONAL AIRPORT, CA US","37.61962","-122.36562","3.2","2021-04-08","17.22",",,W",,,"0.00",",,W,2400","54","H,,S","62",",,W","51",",,W","  280",",,W","  270",",,W","25.1",",,W","31.1",",,W",,,,,,,,,,
"USW00023234","SAN FRANCISCO INTERNATIONAL AIRPORT, CA US","37.61962","-122.36562","3.2","2021-04-09","21.92",",,W",,,"0.00",",,W,2400","54","H,,S","59",",,W","50",",,W","  280",",,W","  280",",,W","35.1",",,W","38.9",",,W",,,,,,,,,,
"USW00023234","SAN FRANCISCO INTERNATIONAL AIRPORT, CA US","37.61962","-122.36562","3.2","2021-04-10","15.43",",,W",,,"0.00",",,W,2400","54","H,,S","64",",,W","49",",,W","  280",",,W","  270",",,W","30.0",",,W","34.0",",,W",,,,,,,,,,
"USW00023234","SAN FRANCISCO INTERNATIONAL AIRPORT, CA US","37.61962","-122.36562","3.2","2021-04-11","9.84",",,W",,,"0.00",",,W,2400","55","H,,S","68",",,W","48",",,W","  280",",,W","  280",",,W","32.0",",,W","36.0",",,W",,,,,,,,,,
"USW00023234","SAN FRANCISCO INTERNATIONAL AIRPORT, CA US","37.61962","-122.36562","3.2","2021-04-12","10.74",",,W",,,"0.00",",,W,2400","55","H,,S","66",",,W","48",",,W","  300",",,W","  300",",,W","23.0",",,W","28.0",",,W",,,,,,,,,,
"USW00023234","SAN FRANCISCO INTERNATIONAL AIRPORT, CA US","37.61962","-122.36562","3.2","2021-04-13","16.11",",,W",,,"0.00",",,W,2400","55","H,,S","61",",,W","51",",,W","  270",",,W","  270",",,W","36.0",",,W","40.0",",,W",,,,,,,,,,
"USW00023234","SAN FRANCISCO INTERNATIONAL AIRPORT, CA US","37.61962","-122.36562","3.2","2021-04-14","8.05",",,W",,,"0.00",",,W,2400","56","H,,S","69",",,W","49",",,W","  270",",,W","  270",",,W","21.9",",,W","27.1",",,W",,,,,,,,,,
"USW00023234","SAN FRANCISCO INTERNATIONAL AIRPORT, CA US","37.61962","-122.36562","3.2","2021-04-15","10.51",",,W",,,"0.00",",,W,2400","56","H,,S","65",",,W","47",",,W","  290",",,W","  300",",,W","21.9",",,W","27.1",",,W",,,,,,,,,,
"USW00023234","SAN FRANCISCO INTERNATIONAL AIRPORT, CA US","37.61962","-122.36562","3.2","2021-04-16","14.54",",,W",,,"0.00",",,W,2400","54","H,,S","60",",,W","48",",,W","  280",",,W","  290",",,W","25.9",",,W","32.0",",,W",,,,,,,,,,
"USW00023234","SAN FRANCISCO INTERNATIONAL AIRPORT, CA US","37.61962","-122.36562","3.2","2021-04-17","15.21",",,W",,,"0.00",",,W,2400","54","H,,S","62",",,W","51",",,W","  290",",,W","  290",",,W","30.0",",,W","34.0",",,W",,,,,,,,,,
"USW00023234","SAN FRANCISCO INTERNATIONAL AIRPORT, CA US","37.61962","-122.36562","3.2","2021-04-18","11.63",",,W",,,"0.00",",,W,2400","58","H,,S","76",",,W","48",",,W","  290",",,W","  290",",,W","30.0",",,W","35.1",",,W",,,,,,,,,,
"USW00023234","SAN FRANCISCO INTERNATIONAL AIRPORT, CA US","37.61962","-122.36562","3.2","2021-04-19","14.76",",,W",,,"0.00",",,W,2400","56","H,,S","63",",,W","50",",,W","  280",",,W","  280",",,W","30.0",",,W","38.9",",,W",,,,,,,,,,
"USW00023234","SAN FRANCISCO INTERNATIONAL AIRPORT, CA US","37.61962","-122.36562","3.2","2021-04-20","19.91",",,W",,,"0.00",",,W,2400","55","H,,S","60",",,W","53",",,W","  280",",,W","  270",",,W","48.1",",,W","57.9",",,W",,,,,,,,,,
"USW00023234","SAN FRANCISCO INTERNATIONAL AIRPORT, CA US","37.61962","-122.36562","3.2","2021-04-21","9.17",",,W",,,"0.00",",,W,2400","56","H,,S","64",",,W","51",",,W","  270",",,W","  270",",,W","25.9",",,W","31.1",",,W",,,,,,,,,,
"USW00023234","SAN FRANCISCO INTERNATIONAL AIRPORT, CA US","37.61962","-122.36562","3.2","2021-04-22","10.74",",,W",,,"0.00",",,W,2400","55","H,,S","62",",,W","50",",,W","  280",",,W","  270",",,W","25.9",",,W","30.0",",,W",,,,,,,,,"    1",",,W"
"USW00023234","SAN FRANCISCO INTERNATIONAL AIRPORT, CA US","37.61962","-122.36562","3.2","2021-04-23","10.51",",,W",,,"0.00",",,W,2400","56","H,,S","68",",,W","52",",,W","  280",",,W","  280",",,W","25.9",",,W","31.1",",,W",,,,,,,,,"    1",",,W"
"USW00023234","SAN FRANCISCO INTERNATIONAL AIRPORT, CA US","37.61962","-122.36562","3.2","2021-04-24","9.17",",,W",,,"0.00","T,,W,2400","56","H,,S","66",",,W","51",",,W","  270",",,W","  270",",,W","21.9",",,W","23.9",",,W","    1",",,W",,,,,,,"    1",",,W"
"USW00023234","SAN FRANCISCO INTERNATIONAL AIRPORT, CA US","37.61962","-122.36562","3.2","2021-04-25","10.07",",,W",,,"0.00","T,,W,2400","56","H,,S","60",",,W","51",",,W","  210",",,W","  210",",,W","23.0",",,W","28.0",",,W",,,,,,,,,"    1",",,W"
"USW00023234","SAN FRANCISCO INTERNATIONAL AIRPORT, CA US","37.61962","-122.36562","3.2","2021-04-26","14.76",",,W",,,"0.00",",,W,2400","55","H,,S","62",",,W","49",",,W","  280",",,W","  280",",,W","28.0",",,W","34.0",",,W",,,,,,,,,"    1",",,W"
"USW00023234","SAN FRANCISCO INTERNATIONAL AIRPORT, CA US","37.61962","-122.36562","3.2","2021-04-27","11.86",",,W",,,"0.00",",,W,2400","56","H,,S","70",",,W","48",",,W","  280",",,W","  280",",,W","31.1",",,W","36.9",",,W",,,,,,,,,"    1",",,W"
"USW00023234","SAN FRANCISCO INTERNATIONAL AIRPORT, CA US","37.61962","-122.36562","3.2","2021-04-28","10.29",",,W",,,"0.00",",,W,2400","61","H,,S","83",",,W","50",",,W","  290",",,W","  290",",,W","25.9",",,W","30.0",",,W",,,,,,,,,"    1",",,W"
"USW00023234","SAN FRANCISCO INTERNATIONAL AIRPORT, CA US","37.61962","-122.36562","3.2","2021-04-29","15.88",",,W",,,"0.00",",,W,2400","59","H,,S","63",",,W","52",",,W","  290",",,W","  290",",,W","29.1",",,W","34.0",",,W",,,,,,,,,"    1",",,W"
"USW00023234","SAN FRANCISCO INTERNATIONAL AIRPORT, CA US","37.61962","-122.36562","3.2","2021-04-30","15.88",",,W"," 1411",",,W","0.00",",,W,2400","57","H,,S","62",",,W","53",",,W","  280",",,W","  280",",,W","29.1",",,W","35.1",",,W",,,,,,,,,,
"USW00023234","SAN FRANCISCO INTERNATIONAL AIRPORT, CA US","37.61962","-122.36562","3.2","2021-05-01","21.03",",,W",,,"0.00","T,,W,2400","56","H,,S","61",",,W","53",",,W","  280",",,W","  280",",,W","44.1",",,W","53.9",",,W","    1",",,W",,,,,,,"    1",",,W"
"USW00023234","SAN FRANCISCO INTERNATIONAL AIRPORT, CA US","37.61962","-122.36562","3.2","2021-05-02","21.25",",,W",,,"0.00",",,W,2400","57","H,,S","67",",,W","52",",,W","  280",",,W","  290",",,W","40.0",",,W","48.1",",,W",,,,,,,,,"    1",",,W"
"USW00023234","SAN FRANCISCO INTERNATIONAL AIRPORT, CA US","37.61962","-122.36562","3.2","2021-05-03","12.75",",,W",,,"0.00",",,W,2400","60","H,,S","77",",,W","50",",,W","  280",",,W","  280",",,W","31.1",",,W","35.1",",,W",,,,,,,,,"    1",",,W"
"USW00023234","SAN FRANCISCO INTERNATIONAL AIRPORT, CA US","37.61962","-122.36562","3.2","2021-05-04","15.21",",,W",,,"0.00",",,W,2400","62","H,,S","72",",,W","54",",,W","  290",",,W","  300",",,W","30.0",",,W","34.0",",,W",,,,,,,,,"    1",",,W"
"USW00023234","SAN FRANCISCO INTERNATIONAL AIRPORT, CA US","37.61962","-122.36562","3.2","2021-05-05","13.42",",,W",,,"0.00",",,W,2400","59","H,,S","70",",,W","51",",,W","  290",",,W","  290",",,W","33.1",",,W","36.9",",,W",,,,,,,,,"    1",",,W"
"USW00023234","SAN FRANCISCO INTERNATIONAL AIRPORT, CA US","37.61962","-122.36562","3.2","2021-05-06","17.67",",,W",,,"0.00",",,W,2400","55","H,,S","64",",,W","50",",,W","  280",",,W","  270",",,W","32.0",",,W","38.9",",,W",,,,,,,,,"    1",",,W"
"USW00023234","SAN FRANCISCO INTERNATIONAL AIRPORT, CA US","37.61962","-122.36562","3.2","2021-05-07","19.01",",,W",,,"0.00",",,W,2400","57","H,,S","66",",,W","52",",,W","  280",",,W","  280",",,W","35.1",",,W","42.9",",,W",,,,,,,,,"    1",",,W"
"USW00023234","SAN FRANCISCO INTERNATIONAL AIRPORT, CA US","37.61962","-122.36562","3.2","2021-05-08","14.54",",,W",,,"0.00",",,W,2400","61","H,,S","79",",,W","50",",,W","  280",",,W","  280",",,W","31.1",",,W","35.1",",,W",,,,,,,,,"    1",",,W"
"USW00023234","SAN FRANCISCO INTERNATIONAL AIRPORT, CA US","37.61962","-122.36562","3.2","2021-05-09","17.67",",,W",,,"0.00",",,W,2400","63","H,,S","76",",,W","54",",,W","  280",",,W","  280",",,W","32.0",",,W","36.9",",,W",,,,,,,,,"    1",",,W"
"USW00023234","SAN FRANCISCO INTERNATIONAL AIRPORT, CA US","37.61962","-122.36562","3.2","2021-05-10","10.96",",,W",,,"0.00",",,W,2400","62","H,,S","84",",,W","52",",,W","  290",",,W","  280",",,W","28.0",",,W","32.0",",,W",,,,,,,,,"    1",",,W"
"USW00023234","SAN FRANCISCO INTERNATIONAL AIRPORT, CA US","37.61962","-122.36562","3.2","2021-05-11","11.86",",,W",,,"0.00",",,W,2400","62","H,,S","72",",,W","51",",,W","  300",",,W","  300",",,W","25.1",",,W","29.1",",,W","    1",",,W",,,,,,,"    1",",,W"
"USW00023234","SAN FRANCISCO INTERNATIONAL AIRPORT, CA US","37.61962","-122.36562","3.2","2021-05-12","12.53",",,W",,,"0.00",",,W,2400","57","H,,S","68",",,W","50",",,W","  300",",,W","  300",",,W","25.1",",,W","30.0",",,W","    1",",,W",,,,,,,"    1",",,W"
"USW00023234","SAN FRANCISCO INTERNATIONAL AIRPORT, CA US","37.61962","-122.36562","3.2","2021-05-13","11.86",",,W",,,"0.00",",,W,2400","57","H,,S","68",",,W","52",",,W","  300",",,W","  290",",,W","23.9",",,W","30.0",",,W",,,,,,,,,"    1",",,W"
"USW00023234","SAN FRANCISCO INTERNATIONAL AIRPORT, CA US","37.61962","-122.36562","3.2","2021-05-14","16.11",",,W",,,"0.00","T,,W,2400","55","H,,S","61",",,W","52",",,W","  260",",,W","  270",",,W","33.1",",,W","40.0",",,W",,,,,,,,,"    1",",,W"
"USW00023234","SAN FRANCISCO INTERNATIONAL AIRPORT, CA US","37.61962","-122.36562","3.2","2021-05-15","10.07",",,W",,,"0.00","T,,W,2400","55","H,,S","64",",,W","52",",,W","  270",",,W","  260",",,W","25.1",",,W","31.1",",,W","    1",",,W",,,,,,,"    1",",,W"
"USW00023234","SAN FRANCISCO INTERNATIONAL AIRPORT, CA US","37.61962","-122.36562","3.2","2021-05-16","10.29",",,W",,,"0.00",",,W,2400","58","H,,S","67",",,W","53",",,W","  270",",,W","  270",",,W","21.9",",,W","28.0",",,W",,,,,,,,,,
"USW00023234","SAN FRANCISCO INTERNATIONAL AIRPORT, CA US","37.61962","-122.36562","3.2","2021-05-17","14.76",",,W",,,"0.00",",,W,2400","57","H,,S","62",",,W","53",",,W","  270",",,W","  280",",,W","28.0",",,W","35.1",",,W",,,,,,,,,,
"USW00023234","SAN FRANCISCO INTERNATIONAL AIRPORT, CA US","37.61962","-122.36562","3.2","2021-05-18","18.12",",,W",,,"0.00",",,W,2400","58","H,,S","68",",,W","54",",,W","  280",",,W","  280",",,W","36.9",",,W","45.0",",,W",,,,,,,,,,
"USW00023234","SAN FRANCISCO INTERNATIONAL AIRPORT, CA US","37.61962","-122.36562","3.2","2021-05-19","30.20",",,W",,,"0.00",",,W,2400","57","H,,S","62",",,W","52",",,W","  280",",,W","  280",",,W","48.1",",,W","57.0",",,W",,,,,,,,,,
"USW00023234","SAN FRANCISCO INTERNATIONAL AIRPORT, CA US","37.61962","-122.36562","3.2","2021-05-20","21.03",",,W",,,"0.00",",,W,2400","56","H,,S","65",",,W","50",",,W","  280",",,W","  280",",,W","38.9",",,W","45.0",",,W",,,,,,,,,,
"USW00023234","SAN FRANCISCO INTERNATIONAL AIRPORT, CA US","37.61962","-122.36562","3.2","2021-05-21","17.90",",,W",,,"0.00",",,W,2400","56","H,,S","64",",,W","51",",,W","  270",",,W","  270",",,W","32.0",",,W","38.9",",,W",,,,,,,,,,
"USW00023234","SAN FRANCISCO INTERNATIONAL AIRPORT, CA US","37.61962","-122.36562","3.2","2021-05-22","10.51",",,W",,,"0.00",",,W,2400","58","H,,S","70",",,W","49",",,W","  270",",,W","  280",",,W","25.9",",,W","31.1",",,W",,,,,,,,,,
"USW00023234","SAN FRANCISCO INTERNATIONAL AIRPORT, CA US","37.61962","-122.36562","3.2","2021-05-23","14.54",",,W",,,"0.00",",,W,2400","58","H,,S","65",",,W","53",",,W","  280",",,W","  280",",,W","25.9",",,W","31.1",",,W",,,,,,,,,,
"USW00023234","SAN FRANCISCO INTERNATIONAL AIRPORT, CA US","37.61962","-122.36562","3.2","2021-05-24","19.01",",,W",,,"0.00",",,W,2400","56","H,,S","65",",,W","51",",,W","  280",",,W","  280",",,W","36.0",",,W","44.1",",,W",,,,,,,,,,
"USW00023234","SAN FRANCISCO INTERNATIONAL AIRPORT, CA US","37.61962","-122.36562","3.2","2021-05-25","18.79",",,W",,,"0.00",",,W,2400","59","H,,S","65",",,W","54",",,W","  270",",,W","  270",",,W","31.1",",,W","38.0",",,W",,,,,,,,,,
"USW00023234","SAN FRANCISCO INTERNATIONAL AIRPORT, CA US","37.61962","-122.36562","3.2","2021-05-26","14.76",",,W",,,"0.00",",,W,2400","58","H,,S","66",",,W","52",",,W","  270",",,W","  270",",,W","33.1",",,W","42.1",",,W",,,,,,,,,,
"USW00023234","SAN FRANCISCO INTERNATIONAL AIRPORT, CA US","37.61962","-122.36562","3.2","2021-05-27","19.24",",,W",,,"0.00",",,W,2400","58","H,,S","68",",,W","53",",,W","  270",",,W","  280",",,W","36.9",",,W","46.1",",,W",,,,,,,,,,
"USW00023234","SAN FRANCISCO INTERNATIONAL AIRPORT, CA US","37.61962","-122.36562","3.2","2021-05-28","13.20",",,W",,,"0.00",",,W,2400","61","H,,S","68",",,W","54",",,W","  270",",,W","  260",",,W","23.0",",,W","33.1",",,W",,,,,,,,,,
"USW00023234","SAN FRANCISCO INTERNATIONAL AIRPORT, CA US","37.61962","-122.36562","3.2","2021-05-29","14.54",",,W",,,"0.00",",,W,2400","57","H,,S","60",",,W","54",",,W","  280",",,W","  270",",,W","23.9",",,W","31.1",",,W",,,,,,,,,,
"USW00023234","SAN FRANCISCO INTERNATIONAL AIRPORT, CA US","37.61962","-122.36562","3.2","2021-05-30","11.63",",,W",,,"0.00",",,W,2400","59","H,,S","73",",,W","53",",,W","  300",",,W","  300",",,W","29.1",",,W","33.1",",,W",,,,,,,,,,
"USW00023234","SAN FRANCISCO INTERNATIONAL AIRPORT, CA US","37.61962","-122.36562","3.2","2021-05-31","10.51",",,W",,,"0.00",",,W,2400","62","H,,S","76",",,W","52",",,W","  300",",,W","  300",",,W","23.9",",,W","27.1",",,W",,,,,,,,,,
"USW00023234","SAN FRANCISCO INTERNATIONAL AIRPORT, CA US","37.61962","-122.36562","3.2","2021-06-01","13.42",",,W",,,"0.00",",,W,2400","63","H,,S","72",",,W","54",",,W","  300",",,W","  300",",,W","25.1",",,W","30.0",",,W",,,,,,,,,,
"USW00023234","SAN FRANCISCO INTERNATIONAL AIRPORT, CA US","37.61962","-122.36562","3.2","2021-06-02","13.87",",,W",,,"0.00",",,W,2400","59","H,,S","67",",,W","53",",,W","  290",",,W","  290",",,W","25.9",",,W","31.1",",,W",,,,,,,,,,
"USW00023234","SAN FRANCISCO INTERNATIONAL AIRPORT, CA US","37.61962","-122.36562","3.2","2021-06-03","12.08",",,W",,,"0.00",",,W,2400","60","H,,S","72",",,W","54",",,W","  310",",,W","  310",",,W","25.1",",,W","29.1",",,W",,,,,,,,,,
"USW00023234","SAN FRANCISCO INTERNATIONAL AIRPORT, CA US","37.61962","-122.36562","3.2","2021-06-04","12.75",",,W",,,"0.00",",,W,2400","61","H,,S","68",",,W","56",",,W","  280",",,W","  290",",,W","25.1",",,W","31.1",",,W",,,,,,,,,,
"USW00023234","SAN FRANCISCO INTERNATIONAL AIRPORT, CA US","37.61962","-122.36562","3.2","2021-06-05","11.18",",,W",,,"0.00",",,W,2400","63","H,,S","74",",,W","55",",,W","  300",",,W","  290",",,W","23.9",",,W","28.0",",,W",,,,,,,,,,
"USW00023234","SAN FRANCISCO INTERNATIONAL AIRPORT, CA US","37.61962","-122.36562","3.2","2021-06-06","16.78",",,W",,,"0.00",",,W,2400","62","H,,S","73",",,W","55",",,W","  280",",,W","  270",",,W","40.0",",,W","48.1",",,W",,,,,,,,,,
"USW00023234","SAN FRANCISCO INTERNATIONAL AIRPORT, CA US","37.61962","-122.36562","3.2","2021-06-07","22.82",",,W",,,"0.00",",,W,2400","60","H,,S","66",",,W","55",",,W","  270",",,W","  280",",,W","38.0",",,W","45.0",",,W",,,,,,,,,,
"USW00023234","SAN FRANCISCO INTERNATIONAL AIRPORT, CA US","37.61962","-122.36562","3.2","2021-06-08","16.55",",,W",,,"0.00",",,W,2400","60","H,,S","67",",,W","55",",,W","  270",",,W","  280",",,W","28.0",",,W","33.1",",,W",,,,,,,,,,
"USW00023234","SAN FRANCISCO INTERNATIONAL AIRPORT, CA US","37.61962","-122.36562","3.2","2021-06-09","15.66",",,W",,,"0.00",",,W,2400","60","H,,S","67",",,W","55",",,W","  270",",,W","  280",",,W","25.1",",,W","31.1",",,W",,,,,,,,,,
"USW00023234","SAN FRANCISCO INTERNATIONAL AIRPORT, CA US","37.61962","-122.36562","3.2","2021-06-10","15.88",",,W",,,"0.00",",,W,2400","61","H,,S","69",",,W","55",",,W","  280",",,W","  280",",,W","32.0",",,W","36.9",",,W",,,,,,,,,,
"USW00023234","SAN FRANCISCO INTERNATIONAL AIRPORT, CA US","37.61962","-122.36562","3.2","2021-06-11","11.41",",,W",,,"0.00",",,W,2400","62","H,,S","73",",,W","55",",,W","  290",",,W","  280",",,W","21.9",",,W","25.9",",,W",,,,,,,,,,
"USW00023234","SAN FRANCISCO INTERNATIONAL AIRPORT, CA US","37.61962","-122.36562","3.2","2021-06-12","12.53",",,W",,,"0.00",",,W,2400","68","H,,S","78",",,W","62",",,W","  280",",,W","  280",",,W","30.0",",,W","34.0",",,W","    1",",,W",,,,,,,,
"USW00023234","SAN FRANCISCO INTERNATIONAL AIRPORT, CA US","37.61962","-122.36562","3.2","2021-06-13","10.29",",,W",,,"0.00",",,W,2400","67","H,,S","77",",,W","57",",,W","  270",",,W","  270",",,W","25.1",",,W","31.1",",,W","    1",",,W",,,,,,,,
"USW00023234","SAN FRANCISCO INTERNATIONAL AIRPORT, CA US","37.61962","-122.36562","3.2","2021-06-14","13.87",",,W",,,"0.00",",,W,2400","68","H,,S","73",",,W","60",",,W","  280",",,W","  280",",,W","30.0",",,W","38.9",",,W","    1",",,W",,,,,,,,
"USW00023234","SAN FRANCISCO INTERNATIONAL AIRPORT, CA US","37.61962","-122.36562","3.2","2021-06-15","19.91",",,W",,,"0.00",",,W,2400","64","H,,S","74",",,W","56",",,W","  280",",,W","  290",",,W","31.1",",,W","36.0",",,W",,,,,,,,,,
"USW00023234","SAN FRANCISCO INTERNATIONAL AIRPORT, CA US","37.61962","-122.36562","3.2","2021-06-16","11.86",",,W",,,"0.00",",,W,2400","68","H,,S","86",",,W","58",",,W","  290",",,W","  290",",,W","31.1",",,W","36.0",",,W",,,,,,,,,,
"USW00023234","SAN FRANCISCO INTERNATIONAL AIRPORT, CA US","37.61962","-122.36562","3.2","2021-06-17","11.63",",,W",,,"0.00",",,W,2400","71","H,,S","90",",,W","62",",,W","  300",",,W","  300",",,W","31.1",",,W","36.0",",,W",,,,,,,,,,
"USW00023234","SAN FRANCISCO INTERNATIONAL AIRPORT, CA US","37.61962","-122.36562","3.2","2021-06-18","11.41",",,W",,,"0.00",",,W,2400","70","H,,S","84",",,W","60",",,W","  300",",,W","  300",",,W","23.0",",,W","25.9",",,W",,,,,,,,,,
"USW00023234","SAN FRANCISCO INTERNATIONAL AIRPORT, CA US","37.61962","-122.36562","3.2","2021-06-19","9.62",",,W",,,"0.00",",,W,2400","67","H,,S","79",",,W","60",",,W","  320",",,W","  310",",,W","21.9",",,W","25.1",",,W",,,,,,,,,,
"USW00023234","SAN FRANCISCO INTERNATIONAL AIRPORT, CA US","37.61962","-122.36562","3.2","2021-06-20","9.84",",,W",,,"0.00",",,W,2400","65","H,,S","76",",,W","58",",,W","  330",",,W","  330",",,W","23.0",",,W","23.0",",,W",,,,,,,,,,
"USW00023234","SAN FRANCISCO INTERNATIONAL AIRPORT, CA US","37.61962","-122.36562","3.2","2021-06-21","7.61",",,W",,,"0.00",",,W,2400","66","H,,S","75",",,W","60",",,W","  200",",,W","  260",",,W","15.0",",,W","19.9",",,W",,,,,,,,,,
"USW00023234","SAN FRANCISCO INTERNATIONAL AIRPORT, CA US","37.61962","-122.36562","3.2","2021-06-22","11.63",",,W",,,"0.00",",,W,2400","68","H,,S","76",",,W","64",",,W","  220",",,W","  210",",,W","25.9",",,W","33.1",",,W",,,,,,,,,,
"USW00023234","SAN FRANCISCO INTERNATIONAL AIRPORT, CA US","37.61962","-122.36562","3.2","2021-06-23","10.51",",,W",,,"0.00",",,W,2400","68","H,,S","74",",,W","62",",,W","  230",",,W","  230",",,W","23.9",",,W","28.0",",,W",,,,,,,,,,
"USW00023234","SAN FRANCISCO INTERNATIONAL AIRPORT, CA US","37.61962","-122.36562","3.2","2021-06-24","13.65",",,W",,,"0.00",",,W,2400","66","H,,S","75",",,W","61",",,W","  290",",,W","  280",",,W","25.1",",,W","29.1",",,W",,,,,,,,,,
"USW00023234","SAN FRANCISCO INTERNATIONAL AIRPORT, CA US","37.61962","-122.36562","3.2","2021-06-25","13.42",",,W",,,"0.00",",,W,2400","63","H,,S","71",",,W","58",",,W","  290",",,W","  300",",,W","25.9",",,W","32.0",",,W",,,,,,,,,,
"USW00023234","SAN FRANCISCO INTERNATIONAL AIRPORT, CA US","37.61962","-122.36562","3.2","2021-06-26","15.43",",,W",,,"0.00",",,W,2400","63","H,,S","70",",,W","59",",,W","  300",",,W","  300",",,W","25.9",",,W","33.1",",,W",,,,,,,,,,
"USW00023234","SAN FRANCISCO INTERNATIONAL AIRPORT, CA US","37.61962","-122.36562","3.2","2021-06-27","14.32",",,W",,,"0.00",",,W,2400","63","H,,S","71",",,W","60",",,W","  290",",,W","  280",",,W","23.9",",,W","30.0",",,W",,,,,,,,,,
"USW00023234","SAN FRANCISCO INTERNATIONAL AIRPORT, CA US","37.61962","-122.36562","3.2","2021-06-28","16.11",",,W",,,"0.00",",,W,2400","62","H,,S","69",",,W","59",",,W","  270",",,W","  270",",,W","29.1",",,W","34.0",",,W",,,,,,,,,,
"USW00023234","SAN FRANCISCO INTERNATIONAL AIRPORT, CA US","37.61962","-122.36562","3.2","2021-06-29","15.66",",,W",,,"0.00",",,W,2400","63","H,,S","71",",,W","59",",,W","  280",",,W","  290",",,W","25.9",",,W","33.1",",,W",,,,,,,,,,
"USW00023234","SAN FRANCISCO INTERNATIONAL AIRPORT, CA US","37.61962","-122.36562","3.2","2021-06-30","14.32",",,W",,,"0.00",",,W,2400","65","H,,S","72",",,W","60",",,W","  270",",,W","  270",",,W","23.9",",,W","30.0",",,W",,,,,,,,,,
"USW00023234","SAN FRANCISCO INTERNATIONAL AIRPORT, CA US","37.61962","-122.36562","3.2","2021-07-01","12.75",",,W",,,"0.00",",,W,2400","66","H,,S","76",",,W","61",",,W","  280",",,W","  290",",,W","23.9",",,W","27.1",",,W",,,,,,,,,,
"USW00023234","SAN FRANCISCO INTERNATIONAL AIRPORT, CA US","37.61962","-122.36562","3.2","2021-07-02","12.30",",,W",,,"0.00",",,W,2400","66","H,,S","78",",,W","60",",,W","  290",",,W","  300",",,W","28.0",",,W","32.0",",,W",,,,,,,,,,
"USW00023234","SAN FRANCISCO INTERNATIONAL AIRPORT, CA US","37.61962","-122.36562","3.2","2021-07-03","12.53",",,W",,,"0.00",",,W,2400","65","H,,S","75",",,W","61",",,W","  300",",,W","  300",",,W","23.0",",,W","28.0",",,W",,,,,,,,,,
"USW00023234","SAN FRANCISCO INTERNATIONAL AIRPORT, CA US","37.61962","-122.36562","3.2","2021-07-04","9.40",",,W",,,"0.00",",,W,2400","66","H,,S","77",",,W","60",",,W","  300",",,W","  300",",,W","19.9",",,W","25.1",",,W",,,,,,,,,,
"USW00023234","SAN FRANCISCO INTERNATIONAL AIRPORT, CA US","37.61962","-122.36562","3.2","2021-07-05","12.30",",,W",,,"0.00",",,W,2400","65","H,,S","73",",,W","60",",,W","  300",",,W","  300",",,W","23.9",",,W","29.1",",,W",,,,,,,,,,
"USW00023234","SAN FRANCISCO INTERNATIONAL AIRPORT, CA US","37.61962","-122.36562","3.2","2021-07-06","17.00",",,W",,,"0.00",",,W,2400","63","H,,S","69",",,W","59",",,W","  280",",,W","  270",",,W","32.0",",,W","40.9",",,W",,,,,,,,,"    1",",,W"
"USW00023234","SAN FRANCISCO INTERNATIONAL AIRPORT, CA US","37.61962","-122.36562","3.2","2021-07-07","15.88",",,W",,,"0.00",",,W,2400","61","H,,S","67",",,W","57",",,W","  280",",,W","  280",",,W","28.0",",,W","34.0",",,W",,,,,,,,,"    1",",,W"
"USW00023234","SAN FRANCISCO INTERNATIONAL AIRPORT, CA US","37.61962","-122.36562","3.2","2021-07-08","9.62",",,W",,,"0.00",",,W,2400","64","H,,S","74",",,W","59",",,W","  300",",,W","  300",",,W","23.9",",,W","28.0",",,W",,,,,,,,,"    1",",,W"
"USW00023234","SAN FRANCISCO INTERNATIONAL AIRPORT, CA US","37.61962","-122.36562","3.2","2021-07-09","15.66",",,W",,,"0.00",",,W,2400","67","H,,S","75",",,W","58",",,W","  300",",,W","  300",",,W","25.9",",,W","31.1",",,W",,,,,,,,,"    1",",,W"
"USW00023234","SAN FRANCISCO INTERNATIONAL AIRPORT, CA US","37.61962","-122.36562","3.2","2021-07-10","17.67",",,W",,,"0.00",",,W,2400","63","H,,S","72",",,W","57",",,W","  310",",,W","  300",",,W","25.1",",,W","32.0",",,W",,,,,,,,,,
"USW00023234","SAN FRANCISCO INTERNATIONAL AIRPORT, CA US","37.61962","-122.36562","3.2","2021-07-11","17.00",",,W",,,"0.00",",,W,2400","62","H,,S","70",",,W","57",",,W","  290",",,W","  290",",,W","31.1",",,W","35.1",",,W",,,,,,,,,"    1",",,W"
"USW00023234","SAN FRANCISCO INTERNATIONAL AIRPORT, CA US","37.61962","-122.36562","3.2","2021-07-12","15.21",",,W",,,"0.00",",,W,2400","62","H,,S","69",",,W","57",",,W","  290",",,W","  270",",,W","23.0",",,W","28.0",",,W",,,,,,,,,"    1",",,W"
"USW00023234","SAN FRANCISCO INTERNATIONAL AIRPORT, CA US","37.61962","-122.36562","3.2","2021-07-13","13.87",",,W",,,"0.00",",,W,2400","62","H,,S","76",",,W","55",",,W","  270",",,W","  270",",,W","25.1",",,W","29.1",",,W",,,,,,,,,"    1",",,W"
"USW00023234","SAN FRANCISCO INTERNATIONAL AIRPORT, CA US","37.61962","-122.36562","3.2","2021-07-14","9.62",",,W",,,"0.00",",,W,2400","60","H,,S","73",",,W","55",",,W","  290",",,W","  290",",,W","23.9",",,W","25.9",",,W",,,,,,,,,"    1",",,W"
"USW00023234","SAN FRANCISCO INTERNATIONAL AIRPORT, CA US","37.61962","-122.36562","3.2","2021-07-15","15.21",",,W",,,"0.00",",,W,2400","60","H,,S","65",",,W","54",",,W","  280",",,W","  280",",,W","25.9",",,W","32.0",",,W",,,,,,,,,"    1",",,W"
"USW00023234","SAN FRANCISCO INTERNATIONAL AIRPORT, CA US","37.61962","-122.36562","3.2","2021-07-16","10.51",",,W",,,"0.00",",,W,2400","59","H,,S","70",",,W","55",",,W","  300",",,W","  300",",,W","25.1",",,W","28.0",",,W",,,,,,,,,"    1",",,W"
"USW00023234","SAN FRANCISCO INTERNATIONAL AIRPORT, CA US","37.61962","-122.36562","3.2","2021-07-17","11.41",",,W",,,"0.00",",,W,2400","60","H,,S","72",",,W","54",",,W","  300",",,W","  300",",,W","25.1",",,W","31.1",",,W",,,,,,,,,"    1",",,W"
"USW00023234","SAN FRANCISCO INTERNATIONAL AIRPORT, CA US","37.61962","-122.36562","3.2","2021-07-18","12.97",",,W",,,"0.00",",,W,2400","62","H,,S","74",",,W","55",",,W","  290",",,W","  290",",,W","30.0",",,W","34.0",",,W",,,,,,,,,"    1",",,W"
"USW00023234","SAN FRANCISCO INTERNATIONAL AIRPORT, CA US","37.61962","-122.36562","3.2","2021-07-19","12.97",",,W",,,"0.00",",,W,2400","61","H,,S","70",",,W","56",",,W","  300",",,W","  290",",,W","29.1",",,W","34.0",",,W",,,,,,,,,"    1",",,W"
"USW00023234","SAN FRANCISCO INTERNATIONAL AIRPORT, CA US","37.61962","-122.36562","3.2","2021-07-20","12.97",",,W",,,"0.00",",,W,2400","60","H,,S","66",",,W","55",",,W","  280",",,W","  290",",,W","30.0",",,W","36.9",",,W","    1",",,W",,,,,,,"    1",",,W"
"USW00023234","SAN FRANCISCO INTERNATIONAL AIRPORT, CA US","37.61962","-122.36562","3.2","2021-07-21","13.20",",,W",,,"0.00",",,W,2400","61","H,,S","68",",,W","55",",,W","  300",",,W","  300",",,W","23.0",",,W","28.0",",,W","    1",",,W",,,,,,,"    1",",,W"
"USW00023234","SAN FRANCISCO INTERNATIONAL AIRPORT, CA US","37.61962","-122.36562","3.2","2021-07-22","13.87",",,W",,,"0.00",",,W,2400","60","H,,S","66",",,W","55",",,W","  300",",,W","  300",",,W","25.9",",,W","30.0",",,W",,,,,,,,,"    1",",,W"
"USW00023234","SAN FRANCISCO INTERNATIONAL AIRPORT, CA US","37.61962","-122.36562","3.2","2021-07-23","9.84",",,W",,,"0.00",",,W,2400","61","H,,S","75",",,W","53",",,W","  300",",,W","  300",",,W","21.9",",,W","25.1",",,W","    1",",,W",,,,,,,"    1",",,W"
"USW00023234","SAN FRANCISCO INTERNATIONAL AIRPORT, CA US","37.61962","-122.36562","3.2","2021-07-24","11.41",",,W",,,"0.00",",,W,2400","61","H,,S","70",",,W","55",",,W","  310",",,W","  300",",,W","21.0",",,W","25.9",",,W",,,,,,,,,,
"USW00023234","SAN FRANCISCO INTERNATIONAL AIRPORT, CA US","37.61962","-122.36562","3.2","2021-07-25","11.41",",,W",,,"0.00",",,W,2400","61","H,,S","71",",,W","56",",,W","  310",",,W","  300",",,W","21.9",",,W","25.1",",,W",,,,,,,,,,
"USW00023234","SAN FRANCISCO INTERNATIONAL AIRPORT, CA US","37.61962","-122.36562","3.2","2021-07-26","7.38",",,W",,,"0.00",",,W,2400","62","H,,S","75",",,W","57",",,W","  310",",,W",,,"15.0",",,W",,,,,,,,,,,,
"USW00023234","SAN FRANCISCO INTERNATIONAL AIRPORT, CA US","37.61962","-122.36562","3.2","2021-07-27","11.41",",,W",,,"0.00",",,W,2400","65","H,,S","75",",,W","58",",,W","  310",",,W",,,"23.9",",,W",,,,,,,,,,,,
"USW00023234","SAN FRANCISCO INTERNATIONAL AIRPORT, CA US","37.61962","-122.36562","3.2","2021-07-28","14.09",",,W",,,"0.00",",,W,2400","63","H,,S","74",",,W","56",",,W","  300",",,W","  300",",,W","29.1",",,W","32.0",",,W",,,,,,,,,,
"USW00023234","SAN FRANCISCO INTERNATIONAL AIRPORT, CA US","37.61962","-122.36562","3.2","2021-07-29","12.30",",,W",,,"0.00",",,W,2400","63","H,,S","72",",,W","57",",,W","  310",",,W","  310",",,W","23.0",",,W","28.0",",,W",,,,,,,,,,
"USW00023234","SAN FRANCISCO INTERNATIONAL AIRPORT, CA US","37.61962","-122.36562","3.2","2021-07-30","12.08",",,W",,,"0.00",",,W,2400","62","H,,S","71",",,W","56",",,W","  300",",,W","  310",",,W","23.0",",,W","28.0",",,W",,,,,,,,,,
"USW00023234","SAN FRANCISCO INTERNATIONAL AIRPORT, CA US","37.61962","-122.36562","3.2","2021-07-31","9.40",",,W",,,"0.00",",,W,2400","64","H,,S","75",",,W","58",",,W","  300",",,W","  310",",,W","21.0",",,W","23.9",",,W",,,,,,,,,,
"USW00023234","SAN FRANCISCO INTERNATIONAL AIRPORT, CA US","37.61962","-122.36562","3.2","2021-08-01","10.51",",,W",,,"0.00",",,W,2400","64","H,,S","73",",,W","58",",,W","  290",",,W","  290",",,W","23.9",",,W","29.1",",,W",,,,,,,,,,
"USW00023234","SAN FRANCISCO INTERNATIONAL AIRPORT, CA US","37.61962","-122.36562","3.2","2021-08-02","13.42",",,W",,,"0.00",",,W,2400","65","H,,S","71",",,W","55",",,W","  290",",,W","  300",",,W","25.1",",,W","29.1",",,W",,,,,,,,,,
"USW00023234","SAN FRANCISCO INTERNATIONAL AIRPORT, CA US","37.61962","-122.36562","3.2","2021-08-03","12.75",",,W",,,"0.00",",,W,2400","60","H,,S","68",",,W","55",",,W","  300",",,W","  310",",,W","23.9",",,W","29.1",",,W",,,,,,,,,,
"USW00023234","SAN FRANCISCO INTERNATIONAL AIRPORT, CA US","37.61962","-122.36562","3.2","2021-08-04","11.41",",,W",,,"0.00",",,W,2400","60","H,,S","68",",,W","56",",,W","  290",",,W","  290",",,W","28.0",",,W","33.1",",,W",,,,,,,,,,
"USW00023234","SAN FRANCISCO INTERNATIONAL AIRPORT, CA US","37.61962","-122.36562","3.2","2021-08-05","13.87",",,W",,,"0.00",",,W,2400","61","H,,S","68",",,W","58",",,W","  270",",,W","  270",",,W","28.0",",,W","35.1",",,W",,,,,,,,,,
"USW00023234","SAN FRANCISCO INTERNATIONAL AIRPORT, CA US","37.61962","-122.36562","3.2","2021-08-06","10.74",",,W",,,"0.00",",,W,2400","63","H,,S","75",",,W","58",",,W","  300",",,W","  300",",,W","25.1",",,W","30.0",",,W",,,,,,,,,,
"USW00023234","SAN FRANCISCO INTERNATIONAL AIRPORT, CA US","37.61962","-122.36562","3.2","2021-08-07","9.84",",,W",,,"0.00",",,W,2400","62","H,,S","75",",,W","56",",,W","  320",",,W","  320",",,W","23.0",",,W","27.1",",,W",,,,,,,,,,
"USW00023234","SAN FRANCISCO INTERNATIONAL AIRPORT, CA US","37.61962","-122.36562","3.2","2021-08-08","10.74",",,W",,,"0.00",",,W,2400","63","H,,S","74",",,W","57",",,W","  300",",,W","  300",",,W","23.9",",,W","28.0",",,W",,,,,,,,,,
"USW00023234","SAN FRANCISCO INTERNATIONAL AIRPORT, CA US","37.61962","-122.36562","3.2","2021-08-09","9.40",",,W",,,"0.00",",,W,2400","63","H,,S","75",",,W","57",",,W","  300",",,W","  300",",,W","23.9",",,W","28.0",",,W",,,,,,,,,,
"USW00023234","SAN FRANCISCO INTERNATIONAL AIRPORT, CA US","37.61962","-122.36562","3.2","2021-08-10","11.63",",,W",,,"0.00",",,W,2400","64","H,,S","75",",,W","58",",,W","  300",",,W","  300",",,W","28.0",",,W","31.1",",,W",,,,,,,,,,
"USW00023234","SAN FRANCISCO INTERNATIONAL AIRPORT, CA US","37.61962","-122.36562","3.2","2021-08-11","15.43",",,W",,,"0.00",",,W,2400","62","H,,S","70",",,W","57",",,W","  300",",,W","  300",",,W","28.0",",,W","32.0",",,W",,,,,,,,,,
"USW00023234","SAN FRANCISCO INTERNATIONAL AIRPORT, CA US","37.61962","-122.36562","3.2","2021-08-12","13.42",",,W",,,"0.00",",,W,2400","63","H,,S","71",",,W","59",",,W","  300",",,W","  290",",,W","25.1",",,W","32.0",",,W",,,,,,,,,,
"USW00023234","SAN FRANCISCO INTERNATIONAL AIRPORT, CA US","37.61962","-122.36562","3.2","2021-08-13","12.53",",,W",,,"0.00",",,W,2400","63","H,,S","71",",,W","58",",,W","  300",",,W","  310",",,W","23.0",",,W","30.0",",,W",,,,,,,,,,
"USW00023234","SAN FRANCISCO INTERNATIONAL AIRPORT, CA US","37.61962","-122.36562","3.2","2021-08-14","12.97",",,W",,,"0.00",",,W,2400","63","H,,S","70",",,W","58",",,W","  300",",,W","  290",",,W","25.9",",,W","31.1",",,W",,,,,,,,,,
"USW00023234","SAN FRANCISCO INTERNATIONAL AIRPORT, CA US","37.61962","-122.36562","3.2","2021-08-15","13.42",",,W",,,"0.00",",,W,2400","63","H,,S","71",",,W","58",",,W","  300",",,W","  300",",,W","25.9",",,W","32.0",",,W",,,,,,,,,,
"USW00023234","SAN FRANCISCO INTERNATIONAL AIRPORT, CA US","37.61962","-122.36562","3.2","2021-08-16","18.12",",,W",,,"0.00",",,W,2400","63","H,,S","73",",,W","58",",,W","  270",",,W","  270",",,W","38.9",",,W","44.1",",,W",,,,,,,,,,
"USW00023234","SAN FRANCISCO INTERNATIONAL AIRPORT, CA US","37.61962","-122.36562","3.2","2021-08-17","10.51",",,W",,,"0.00",",,W,2400","65","H,,S","76",",,W","59",",,W","  250",",,W","  280",",,W","23.9",",,W","33.1",",,W",,,,,,,,,,
"USW00023234","SAN FRANCISCO INTERNATIONAL AIRPORT, CA US","37.61962","-122.36562","3.2","2021-08-18","7.38",",,W",,,"0.00",",,W,2400","64","H,,S","75",",,W","58",",,W","  300",",,W","  310",",,W","18.1",",,W","23.0",",,W",,,,,,,,,,
"USW00023234","SAN FRANCISCO INTERNATIONAL AIRPORT, CA US","37.61962","-122.36562","3.2","2021-08-19","8.72",",,W",,,"0.00",",,W,2400","65","H,,S","73",",,W","59",",,W","  300",",,W","  290",",,W","23.0",",,W","27.1",",,W",,,,,,,,,,
"USW00023234","SAN FRANCISCO INTERNATIONAL AIRPORT, CA US","37.61962","-122.36562","3.2","2021-08-20","6.26",",,W",,,"0.00",",,W,2400","64","H,,S","73",",,W","60",",,W","  310",",,W","  300",",,W","16.1",",,W","19.9",",,W",,,,,,,,,,
"USW00023234","SAN FRANCISCO INTERNATIONAL AIRPORT, CA US","37.61962","-122.36562","3.2","2021-08-21","10.74",",,W",,,"0.00",",,W,2400","64","H,,S","71",",,W","59",",,W","  200",",,W","  210",",,W","21.9",",,W","25.9",",,W",,,,,,,,,,
"USW00023234","SAN FRANCISCO INTERNATIONAL AIRPORT, CA US","37.61962","-122.36562","3.2","2021-08-22","8.05",",,W",,,"0.00",",,W,2400","63","H,,S","73",",,W","58",",,W","  330",",,W","  330",",,W","17.0",",,W","21.0",",,W",,,,,,,,,,
"USW00023234","SAN FRANCISCO INTERNATIONAL AIRPORT, CA US","37.61962","-122.36562","3.2","2021-08-23","6.71",",,W",,,"0.00",",,W,2400","62","H,,S","73",",,W","56",",,W","  280",",,W","  290",",,W","16.1",",,W","19.0",",,W",,,,,,,,,,
"USW00023234","SAN FRANCISCO INTERNATIONAL AIRPORT, CA US","37.61962","-122.36562","3.2","2021-08-24","8.50",",,W",,,"0.00",",,W,2400","62","H,,S","71",",,W","56",",,W","  300",",,W","  290",",,W","18.1",",,W","21.9",",,W",,,,,,,,,,
"USW00023234","SAN FRANCISCO INTERNATIONAL AIRPORT, CA US","37.61962","-122.36562","3.2","2021-08-25","11.18",",,W",,,"0.00",",,W,2400","62","H,,S","69",",,W","56",",,W","  290",",,W","  290",",,W","23.9",",,W","28.0",",,W",,,,,,,,,"    1",",,W"
"USW00023234","SAN FRANCISCO INTERNATIONAL AIRPORT, CA US","37.61962","-122.36562","3.2","2021-08-26","9.40",",,W",,,"0.00",",,W,2400","62","H,,S","77",",,W","55",",,W","  300",",,W","  300",",,W","25.1",",,W","30.0",",,W",,,,,,,,,"    1",",,W"
"USW00023234","SAN FRANCISCO INTERNATIONAL AIRPORT, CA US","37.61962","-122.36562","3.2","2021-08-27","9.17",",,W",,,"0.00",",,W,2400","67","H,,S","88",",,W","59",",,W","  300",",,W","  290",",,W","21.0",",,W","23.9",",,W","    1",",,W",,,,,,,"    1",",,W"
"USW00023234","SAN FRANCISCO INTERNATIONAL AIRPORT, CA US","37.61962","-122.36562","3.2","2021-08-28","9.17",",,W",,,"0.00",",,W,2400","70","H,,S","89",",,W","60",",,W","  300",",,W","  300",",,W","23.9",",,W","28.0",",,W",,,,,,,,,"    1",",,W"
"USW00023234","SAN FRANCISCO INTERNATIONAL AIRPORT, CA US","37.61962","-122.36562","3.2","2021-08-29","13.87",",,W",,,"0.00",",,W,2400","66","H,,S","75",",,W","58",",,W","  300",",,W","  300",",,W","25.1",",,W","31.1",",,W","    1",",,W",,,,,,,"    1",",,W"
"USW00023234","SAN FRANCISCO INTERNATIONAL AIRPORT, CA US","37.61962","-122.36562","3.2","2021-08-30","11.86",",,W",,,"0.00",",,W,2400","62","H,,S","71",",,W","56",",,W","  300",",,W","  300",",,W","29.1",",,W","32.0",",,W","    1",",,W",,,,,,,"    1",",,W"
"USW00023234","SAN FRANCISCO INTERNATIONAL AIRPORT, CA US","37.61962","-122.36562","3.2","2021-08-31","8.50",",,W",,,"0.00",",,W,2400","63","H,,S","74",",,W","55",",,W","  330",",,W","  320",",,W","23.9",",,W","27.1",",,W",,,,,,,,,"    1",",,W"
"USW00023234","SAN FRANCISCO INTERNATIONAL AIRPORT, CA US","37.61962","-122.36562","3.2","2021-09-01","9.62",",,W",,,"0.00",",,W,2400","62","H,,S","71",",,W","55",",,W","  260",",,W","  260",",,W","18.1",",,W","23.0",",,W",,,,,,,,,"    1",",,W"
"USW00023234","SAN FRANCISCO INTERNATIONAL AIRPORT, CA US","37.61962","-122.36562","3.2","2021-09-02","8.50",",,W",,,"0.00",",,W,2400","61","H,,S","69",",,W","57",",,W","  300",",,W","  280",",,W","21.9",",,W","25.1",",,W",,,,,,,,,"    1",",,W"
"USW00023234","SAN FRANCISCO INTERNATIONAL AIRPORT, CA US","37.61962","-122.36562","3.2","2021-09-03","10.96",",,W",,,"0.00",",,W,2400","61","H,,S","67",",,W","55",",,W","  300",",,W","  300",",,W","23.0",",,W","27.1",",,W",,,,,,,,,,
"USW00023234","SAN FRANCISCO INTERNATIONAL AIRPORT, CA US","37.61962","-122.36562","3.2","2021-09-04","11.63",",,W",,,"0.00",",,W,2400","60","H,,S","73",",,W","54",",,W","  300",",,W","  300",",,W","25.1",",,W","29.1",",,W",,,,,,,,,,
"USW00023234","SAN FRANCISCO INTERNATIONAL AIRPORT, CA US","37.61962","-122.36562","3.2","2021-09-05","10.51",",,W",,,"0.00",",,W,2400","60","H,,S","78",",,W","53",",,W","  310",",,W","  320",",,W","25.1",",,W","30.0",",,W","    1",",,W",,,,,,,,
"USW00023234","SAN FRANCISCO INTERNATIONAL AIRPORT, CA US","37.61962","-122.36562","3.2","2021-09-06","10.51",",,W",,,"0.00",",,W,2400","63","H,,S","82",",,W","55",",,W","  300",",,W","  300",",,W","21.9",",,W","25.9",",,W",,,,,,,,,,
"USW00023234","SAN FRANCISCO INTERNATIONAL AIRPORT, CA US","37.61962","-122.36562","3.2","2021-09-07","13.20",",,W",,,"0.00",",,W,2400","65","H,,S","75",",,W","58",",,W","  300",",,W","  300",",,W","25.9",",,W","30.0",",,W",,,,,,,,,,
"USW00023234","SAN FRANCISCO INTERNATIONAL AIRPORT, CA US","37.61962","-122.36562","3.2","2021-09-08","15.43",",,W",,,"0.00",",,W,2400","65","H,,S","75",",,W","60",",,W","  300",",,W","  300",",,W","29.1",",,W","32.0",",,W",,,,,,,,,,
"USW00023234","SAN FRANCISCO INTERNATIONAL AIRPORT, CA US","37.61962","-122.36562","3.2","2021-09-09","14.32",",,W",,,"0.00",",,W,2400","62","H,,S","69",",,W","58",",,W","  340",",,W","  300",",,W","25.1",",,W","28.0",",,W",,,,,,,,,,
"USW00023234","SAN FRANCISCO INTERNATIONAL AIRPORT, CA US","37.61962","-122.36562","3.2","2021-09-10","11.86",",,W",,,"0.00",",,W,2400","62","H,,S","68",",,W","59",",,W","  320",",,W","  310",",,W","21.0",",,W","25.9",",,W",,,,,"    1",",,W",,,,
"USW00023234","SAN FRANCISCO INTERNATIONAL AIRPORT, CA US","37.61962","-122.36562","3.2","2021-09-11","12.30",",,W",,,"0.00",",,W,2400","62","H,,S","70",",,W","57",",,W","  300",",,W","  300",",,W","25.1",",,W","29.1",",,W",,,,,,,,,,
"USW00023234","SAN FRANCISCO INTERNATIONAL AIRPORT, CA US","37.61962","-122.36562","3.2","2021-09-12","11.63",",,W",,,"0.00",",,W,2400","62","H,,S","75",",,W","55",",,W","  300",",,W","  300",",,W","23.9",",,W","30.0",",,W",,,,,,,,,,
"USW00023234","SAN FRANCISCO INTERNATIONAL AIRPORT, CA US","37.61962","-122.36562","3.2","2021-09-13","13.20",",,W",,,"0.00",",,W,2400","63","H,,S","72",",,W","58",",,W","  300",",,W","  300",",,W","23.0",",,W","28.0",",,W",,,,,,,,,,
"USW00023234","SAN FRANCISCO INTERNATIONAL AIRPORT, CA US","37.61962","-122.36562","3.2","2021-09-14","10.74",",,W",,,"0.00",",,W,2400","61","H,,S","72",",,W","54",",,W","  300",",,W","  300",",,W","25.1",",,W","30.0",",,W",,,,,,,,,,
"USW00023234","SAN FRANCISCO INTERNATIONAL AIRPORT, CA US","37.61962","-122.36562","3.2","2021-09-15","8.72",",,W",,,"0.00",",,W,2400","61","H,,S","70",",,W","57",",,W","  300",",,W","  300",",,W","21.0",",,W","23.0",",,W",,,,,,,,,,
"USW00023234","SAN FRANCISCO INTERNATIONAL AIRPORT, CA US","37.61962","-122.36562","3.2","2021-09-16","6.71",",,W",,,"0.00",",,W,2400","60","H,,S","68",",,W","55",",,W","  260",",,W","  290",",,W","17.0",",,W","23.9",",,W",,,,,,,,,,
"USW00023234","SAN FRANCISCO INTERNATIONAL AIRPORT, CA US","37.61962","-122.36562","3.2","2021-09-17","8.50",",,W",,,"0.00",",,W,2400","61","H,,S","70",",,W","55",",,W","  260",",,W","  220",",,W","16.1",",,W","19.9",",,W",,,,,,,,,,
"USW00023234","SAN FRANCISCO INTERNATIONAL AIRPORT, CA US","37.61962","-122.36562","3.2","2021-09-18","6.93",",,W",,,"0.00",",,W,2400","62","H,,S","71",",,W","57",",,W","  250",",,W","  260",",,W","21.0",",,W","25.1",",,W",,,,,,,,,,
"USW00023234","SAN FRANCISCO INTERNATIONAL AIRPORT, CA US","37.61962","-122.36562","3.2","2021-09-19","13.20",",,W",,,"0.00",",,W,2400","65","H,,S","71",",,W","60",",,W","  280",",,W","  280",",,W","25.9",",,W","32.0",",,W",,,,,,,,,,
"USW00023234","SAN FRANCISCO INTERNATIONAL AIRPORT, CA US","37.61962","-122.36562","3.2","2021-09-20","5.37",",,W",,,"0.00",",,W,2400","66","H,,S","86",",,W","56",",,W","  290",",,W","  280",",,W","21.0",",,W","23.9",",,W",,,,,,,,,,
"USW00023234","SAN FRANCISCO INTERNATIONAL AIRPORT, CA US","37.61962","-122.36562","3.2","2021-09-21","6.26",",,W",,,"0.00",",,W,2400","73","H,,S","90",",,W","62",",,W","  310",",,W","  300",",,W","16.1",",,W","19.0",",,W",,,,,,,,,,
"USW00023234","SAN FRANCISCO INTERNATIONAL AIRPORT, CA US","37.61962","-122.36562","3.2","2021-09-22","12.08",",,W",,,"0.00",",,W,2400","69","H,,S","73",",,W","55",",,W","  300",",,W","  300",",,W","25.1",",,W","29.1",",,W",,,,,,,,,,
"USW00023234","SAN FRANCISCO INTERNATIONAL AIRPORT, CA US","37.61962","-122.36562","3.2","2021-09-23","9.40",",,W",,,"0.00",",,W,2400","61","H,,S","82",",,W","54",",,W","  300",",,W","  300",",,W","28.0",",,W","31.1",",,W",,,,,,,,,,
"USW00023234","SAN FRANCISCO INTERNATIONAL AIRPORT, CA US","37.61962","-122.36562","3.2","2021-09-24","12.53",",,W",,,"0.00",",,W,2400","62","H,,S","72",",,W","55",",,W","  300",",,W","  300",",,W","23.0",",,W","28.0",",,W",,,,,,,,,,
"USW00023234","SAN FRANCISCO INTERNATIONAL AIRPORT, CA US","37.61962","-122.36562","3.2","2021-09-25","10.96",",,W",,,"0.00",",,W,2400","61","H,,S","67",",,W","57",",,W","  290",",,W","  290",",,W","21.9",",,W","28.0",",,W",,,,,,,,,,
"USW00023234","SAN FRANCISCO INTERNATIONAL AIRPORT, CA US","37.61962","-122.36562","3.2","2021-09-26","12.30",",,W",,,"0.00",",,W,2400","61","H,,S","66",",,W","59",",,W","  290",",,W","  280",",,W","23.9",",,W","30.0",",,W",,,,,,,,,,
"USW00023234","SAN FRANCISCO INTERNATIONAL AIRPORT, CA US","37.61962","-122.36562","3.2","2021-09-27","9.62",",,W",,,"0.00",",,W,2400","63","H,,S","72",",,W","59",",,W","  290",",,W","  290",",,W","23.9",",,W","27.1",",,W","    1",",,W",,,,,,,,
"USW00023234","SAN FRANCISCO INTERNATIONAL AIRPORT, CA US","37.61962","-122.36562","3.2","2021-09-28","15.21",",,W",,,"0.00",",,W,2400","63","H,,S","71",",,W","57",",,W","  280",",,W","  280",",,W","35.1",",,W","40.0",",,W",,,,,,,,,"    1",",,W"
"USW00023234","SAN FRANCISCO INTERNATIONAL AIRPORT, CA US","37.61962","-122.36562","3.2","2021-09-29","8.95",",,W",,,"0.00",",,W,2400","61","H,,S","73",",,W","53",",,W","  290",",,W","  280",",,W","25.1",",,W","30.0",",,W","    1",",,W",,,,,,,"    1",",,W"
"USW00023234","SAN FRANCISCO INTERNATIONAL AIRPORT, CA US","37.61962","-122.36562","3.2","2021-09-30","6.93",",,W",,,"0.00",",,W,2400","63","H,,S","83",",,W","54",",,W","  300",",,W","  300",",,W","21.0",",,W","21.9",",,W",,,,,,,,,"    1",",,W"
"USW00023234","SAN FRANCISCO INTERNATIONAL AIRPORT, CA US","37.61962","-122.36562","3.2","2021-10-01","8.05",",,W",,,"0.00",",,W,2400","66","H,,S","80",",,W","56",",,W","  300",",,W","  300",",,W","21.0",",,W","23.9",",,W",,,,,,,,,"    1",",,W"
"USW00023234","SAN FRANCISCO INTERNATIONAL AIRPORT, CA US","37.61962","-122.36562","3.2","2021-10-02","7.61",",,W",,,"0.00",",,W,2400","66","H,,S","82",",,W","57",",,W","  300",",,W","  310",",,W","19.9",",,W","21.9",",,W",,,,,,,,,"    1",",,W"
"USW00023234","SAN FRANCISCO INTERNATIONAL AIRPORT, CA US","37.61962","-122.36562","3.2","2021-10-03","7.38",",,W",,,"0.00",",,W,2400","67","H,,S","87",",,W","57",",,W","  300",",,W","  290",",,W","18.1",",,W","19.9",",,W",,,,,,,,,"    1",",,W"
"USW00023234","SAN FRANCISCO INTERNATIONAL AIRPORT, CA US","37.61962","-122.36562","3.2","2021-10-04","8.50",",,W",,,"0.00",",,W,2400","68","H,,S","79",",,W","55",",,W","  300",",,W","  300",",,W","21.9",",,W","23.9",",,W",,,,,,,,,,
"USW00023234","SAN FRANCISCO INTERNATIONAL AIRPORT, CA US","37.61962","-122.36562","3.2","2021-10-05","11.41",",,W",,,"0.00",",,W,2400","60","H,,S","68",",,W","54",",,W","  300",",,W","  300",",,W","25.1",",,W","33.1",",,W",,,,,,,,,,
"USW00023234","SAN FRANCISCO INTERNATIONAL AIRPORT, CA US","37.61962","-122.36562","3.2","2021-10-06","10.07",",,W",,,"0.00",",,W,2400","60","H,,S","66",",,W","56",",,W","  280",",,W","  290",",,W","21.9",",,W","23.9",",,W",,,,,,,,,,
"USW00023234","SAN FRANCISCO INTERNATIONAL AIRPORT, CA US","37.61962","-122.36562","3.2","2021-10-07","13.20",",,W",,,"0.00",",,W,2400","58","H,,S","62",",,W","56",",,W","  270",",,W","  270",",,W","23.0",",,W","27.1",",,W",,,,,,,,,,
"USW00023234","SAN FRANCISCO INTERNATIONAL AIRPORT, CA US","37.61962","-122.36562","3.2","2021-10-08","15.21",",,W",,,"0.00",",,W,2400","58","H,,S","64",",,W","55",",,W","  280",",,W","  270",",,W","25.9",",,W","32.0",",,W",,,,,,,,,,
"USW00023234","SAN FRANCISCO INTERNATIONAL AIRPORT, CA US","37.61962","-122.36562","3.2","2021-10-09","7.61",",,W",,,"0.00",",,W,2400","60","H,,S","72",",,W","55",",,W","  290",",,W","  280",",,W","23.9",",,W","28.0",",,W",,,,,,,,,,
"USW00023234","SAN FRANCISCO INTERNATIONAL AIRPORT, CA US","37.61962","-122.36562","3.2","2021-10-10","13.65",",,W",,,"0.00",",,W,2400","60","H,,S","72",",,W","52",",,W","  280",",,W","  280",",,W","32.0",",,W","38.0",",,W",,,,,,,,,,
"USW00023234","SAN FRANCISCO INTERNATIONAL AIRPORT, CA US","37.61962","-122.36562","3.2","2021-10-11","19.91",",,W",,,"0.00",",,W,2400","59","H,,S","64",",,W","54",",,W","  290",",,W","  290",",,W","32.0",",,W","40.0",",,W",,,,,,,,,,
"USW00023234","SAN FRANCISCO INTERNATIONAL AIRPORT, CA US","37.61962","-122.36562","3.2","2021-10-12","17.22",",,W",,,"0.00",",,W,2400","60","H,,S","67",",,W","51",",,W","  280",",,W","  290",",,W","29.1",",,W","35.1",",,W",,,,,,,,,,
"USW00023234","SAN FRANCISCO INTERNATIONAL AIRPORT, CA US","37.61962","-122.36562","3.2","2021-10-13","8.72",",,W",,,"0.00",",,W,2400","56","H,,S","62",",,W","50",",,W","  280",",,W","  300",",,W","21.0",",,W","23.9",",,W",,,,,,,,,,
"USW00023234","SAN FRANCISCO INTERNATIONAL AIRPORT, CA US","37.61962","-122.36562","3.2","2021-10-14","5.82",",,W",,,"0.00",",,W,2400","57","H,,S","74",",,W","50",",,W","  290",",,W","  290",",,W","21.9",",,W","23.9",",,W",,,,,,,,,,
"USW00023234","SAN FRANCISCO INTERNATIONAL AIRPORT, CA US","37.61962","-122.36562","3.2","2021-10-15","4.03",",,W",,,"0.00",",,W,2400","61","H,,S","79",",,W","51",",,W","  290",",,W","  290",",,W","15.0",",,W","17.0",",,W",,,,,,,,,,
"USW00023234","SAN FRANCISCO INTERNATIONAL AIRPORT, CA US","37.61962","-122.36562","3.2","2021-10-16","5.14",",,W",,,"0.00",",,W,2400","64","H,,S","83",",,W","54",",,W","  290",",,W","  290",",,W","17.0",",,W","21.0",",,W",,,,,,,,,,
"USW00023234","SAN FRANCISCO INTERNATIONAL AIRPORT, CA US","37.61962","-122.36562","3.2","2021-10-17","9.84",",,W",,,"0.03",",,W,2400","63","H,,S","70",",,W","53",",,W","  230",",,W","  220",",,W","29.1",",,W","36.9",",,W","    1",",,W",,,,,,,"    1",",,W"
"USW00023234","SAN FRANCISCO INTERNATIONAL AIRPORT, CA US","37.61962","-122.36562","3.2","2021-10-18","10.96",",,W",,,"0.00","T,,W,2400","56","H,,S","61",",,W","51",",,W","  280",",,W","  250",",,W","17.0",",,W","21.9",",,W",,,,,,,,,"    1",",,W"
"USW00023234","SAN FRANCISCO INTERNATIONAL AIRPORT, CA US","37.61962","-122.36562","3.2","2021-10-19","9.17",",,W",,,"0.00","T,,W,2400","55","H,,S","67",",,W","48",",,W","  180",",,W","  170",",,W","25.9",",,W","32.0",",,W","    1",",,W",,,,,,,"    1",",,W"
"USW00023234","SAN FRANCISCO INTERNATIONAL AIRPORT, CA US","37.61962","-122.36562","3.2","2021-10-20","8.28",",,W",,,"0.29",",,W,2400","60","H,,S","67",",,W","55",",,W","  190",",,W","  190",",,W","19.9",",,W","25.9",",,W","    1",",,W",,,,,,,"    1",",,W"
"USW00023234","SAN FRANCISCO INTERNATIONAL AIRPORT, CA US","37.61962","-122.36562","3.2","2021-10-21","8.28",",,W",,,"0.44",",,W,2400","63","H,,S","70",",,W","61",",,W","  170",",,W","  170",",,W","23.9",",,W","27.1",",,W","    1",",,W",,,,,,,"    1",",,W"
"USW00023234","SAN FRANCISCO INTERNATIONAL AIRPORT, CA US","37.61962","-122.36562","3.2","2021-10-22","9.17",",,W",,,"0.46",",,W,2400","63","H,,S","65",",,W","56",",,W","  280",",,W","  280",",,W","25.1",",,W","31.1",",,W","    1",",,W",,,,,,,"    1",",,W"
"USW00023234","SAN FRANCISCO INTERNATIONAL AIRPORT, CA US","37.61962","-122.36562","3.2","2021-10-23","8.50",",,W",,,"0.26",",,W,2400","59","H,,S","65",",,W","54",",,W","  140",",,W","  160",",,W","17.0",",,W","21.9",",,W","    1",",,W",,,,,,,"    1",",,W"
"USW00023234","SAN FRANCISCO INTERNATIONAL AIRPORT, CA US","37.61962","-122.36562","3.2","2021-10-24","22.82",",,W",,,"4.02",",,W,2400","62","H,,S","65",",,W","57",",,W","  190",",,W","  180",",,W","44.1",",,W","59.9",",,W","    1",",,W",,,,,,,,
"USW00023234","SAN FRANCISCO INTERNATIONAL AIRPORT, CA US","37.61962","-122.36562","3.2","2021-10-25","12.30",",,W",,,"0.34",",,W,2400","59","H,,S","63",",,W","54",",,W","  270",",,W","  250",",,W","23.9",",,W","29.1",",,W","    1",",,W",,,,,,,"    1",",,W"
"USW00023234","SAN FRANCISCO INTERNATIONAL AIRPORT, CA US","37.61962","-122.36562","3.2","2021-10-26","5.82",",,W",,,"0.00",",,W,2400","58","H,,S","64",",,W","54",",,W","   90",",,W","  110",",,W","10.1",",,W","12.1",",,W","    1",",,W",,,,,,,"    1",",,W"
"USW00023234","SAN FRANCISCO INTERNATIONAL AIRPORT, CA US","37.61962","-122.36562","3.2","2021-10-27","6.71",",,W",,,"0.00",",,W,2400","61","H,,S","71",",,W","56",",,W","  290",",,W","  290",",,W","17.0",",,W","21.0",",,W","    1",",,W",,,,,,,"    1",",,W"
"USW00023234","SAN FRANCISCO INTERNATIONAL AIRPORT, CA US","37.61962","-122.36562","3.2","2021-10-28","4.25",",,W",,,"0.00",",,W,2400","63","H,,S","75",",,W","57",",,W","  290",",,W","  290",",,W","19.9",",,W","21.9",",,W","    1",",,W",,,,,,,"    1",",,W"
"USW00023234","SAN FRANCISCO INTERNATIONAL AIRPORT, CA US","37.61962","-122.36562","3.2","2021-10-29","7.61",",,W",,,"0.00",",,W,2400","63","H,,S","73",",,W","56",",,W","  290",",,W","  290",",,W","23.0",",,W","27.1",",,W","    1",",,W",,,,,,,"    1",",,W"
"USW00023234","SAN FRANCISCO INTERNATIONAL AIRPORT, CA US","37.61962","-122.36562","3.2","2021-10-30","6.26",",,W",,,"0.00",",,W,2400","60","H,,S","64",",,W","57",",,W","  260",",,W","  260",",,W","19.9",",,W","21.9",",,W","    1",",,W",,,,,,,"    1",",,W"
"USW00023234","SAN FRANCISCO INTERNATIONAL AIRPORT, CA US","37.61962","-122.36562","3.2","2021-10-31","4.70",",,W",,,"0.00","T,,W,2400","59","H,,S","63",",,W","56",",,W","  130",",,W","  140",",,W","10.1",",,W","11.0",",,W",,,,,,,,,"    1",",,W"
"USW00023234","SAN FRANCISCO INTERNATIONAL AIRPORT, CA US","37.61962","-122.36562","3.2","2021-11-01","6.93",",,W",,,"0.13",",,W,2400","61","H,,S","66",",,W","60",",,W","  180",",,W","  200",",,W","19.9",",,W","28.0",",,W","    1",",,W",,,,,,,"    1",",,W"
"USW00023234","SAN FRANCISCO INTERNATIONAL AIRPORT, CA US","37.61962","-122.36562","3.2","2021-11-02","5.37",",,W",,,"0.00","T,,W,2400","62","H,,S","66",",,W","59",",,W","   30",",,W","   30",",,W","12.1",",,W","13.0",",,W","    1",",,W",,,,,,,"    1",",,W"
"USW00023234","SAN FRANCISCO INTERNATIONAL AIRPORT, CA US","37.61962","-122.36562","3.2","2021-11-03","4.70",",,W",,,"0.00",",,W,2400","60","H,,S","71",",,W","55",",,W","  280",",,W","  280",",,W","16.1",",,W","19.0",",,W","    1",",,W",,,,,,,"    1",",,W"
"USW00023234","SAN FRANCISCO INTERNATIONAL AIRPORT, CA US","37.61962","-122.36562","3.2","2021-11-04","10.96",",,W",,,"0.06",",,W,2400","64","H,,S","65",",,W","56",",,W","  280",",,W","  290",",,W","21.0",",,W","25.1",",,W","    1",",,W",,,,,,,"    1",",,W"
"USW00023234","SAN FRANCISCO INTERNATIONAL AIRPORT, CA US","37.61962","-122.36562","3.2","2021-11-05","7.83",",,W",,,"0.00",",,W,2400","58","H,,S","65",",,W","53",",,W","  280",",,W","  280",",,W","23.0",",,W","27.1",",,W","    1",",,W",,,,,,,"    1",",,W"
"USW00023234","SAN FRANCISCO INTERNATIONAL AIRPORT, CA US","37.61962","-122.36562","3.2","2021-11-06","8.50",",,W",,,"0.00",",,W,2400","58","H,,S","63",",,W","54",",,W","  290",",,W","  290",",,W","18.1",",,W","23.0",",,W","    1",",,W",,,,,,,"    1",",,W"
"USW00023234","SAN FRANCISCO INTERNATIONAL AIRPORT, CA US","37.61962","-122.36562","3.2","2021-11-07","8.72",",,W",,,"0.00",",,W,2400","56","H,,S","62",",,W","47",",,W","  290",",,W","  300",",,W","18.1",",,W","21.9",",,W",,,,,,,,,"    1",",,W"
"USW00023234","SAN FRANCISCO INTERNATIONAL AIRPORT, CA US","37.61962","-122.36562","3.2","2021-11-08","7.38",",,W",,,"0.28",",,W,2400","54","H,,S","63",",,W","48",",,W","  140",",,W","  140",",,W","30.0",",,W","36.0",",,W","    1",",,W",,,,,,,"    1",",,W"
"USW00023234","SAN FRANCISCO INTERNATIONAL AIRPORT, CA US","37.61962","-122.36562","3.2","2021-11-09","8.50",",,W",,,"0.15",",,W,2400","58","H,,S","65",",,W","52",",,W","  140",",,W","  140",",,W","18.1",",,W","21.9",",,W","    1",",,W",,,,,,,"    1",",,W"
"USW00023234","SAN FRANCISCO INTERNATIONAL AIRPORT, CA US","37.61962","-122.36562","3.2","2021-11-10","5.37",",,W",,,"0.00",",,W,2400","60","H,,S","65",",,W","56",",,W","  280",",,W","  290",",,W","16.1",",,W","18.1",",,W","    1",",,W",,,,,,,"    1",",,W"
"USW00023234","SAN FRANCISCO INTERNATIONAL AIRPORT, CA US","37.61962","-122.36562","3.2","2021-11-11","2.68",",,W",,,"0.00",",,W,2400","59","H,,S","68",",,W","53",",,W","  300",",,W","  300",",,W","8.9",",,W","12.1",",,W","    1",",,W",,,,,,,"    1",",,W"
"USW00023234","SAN FRANCISCO INTERNATIONAL AIRPORT, CA US","37.61962","-122.36562","3.2","2021-11-12","3.80",",,W",,,"0.00",",,W,2400","60","H,,S","71",",,W","54",",,W","  290",",,W","  290",",,W","15.0",",,W","18.1",",,W","    1",",,W",,,,,,,"    1",",,W"
"USW00023234","SAN FRANCISCO INTERNATIONAL AIRPORT, CA US","37.61962","-122.36562","3.2","2021-11-13","3.36",",,W",,,"0.00",",,W,2400","60","H,,S","66",",,W","54",",,W","  290",",,W","  290",",,W","15.0",",,W","16.1",",,W","    1",",,W","    1",",,W",,,,,"    1",",,W"
"USW00023234","SAN FRANCISCO INTERNATIONAL AIRPORT, CA US","37.61962","-122.36562","3.2","2021-11-14","5.37",",,W",,,"0.00",",,W,2400","60","H,,S","66",",,W","55",",,W","   30",",,W","   30",",,W","13.0",",,W","14.1",",,W","    1",",,W",,,,,,,"    1",",,W"
"USW00023234","SAN FRANCISCO INTERNATIONAL AIRPORT, CA US","37.61962","-122.36562","3.2","2021-11-15","5.82",",,W",,,"0.00",",,W,2400","59","H,,S","61",",,W","55",",,W","  290",",,W","  290",",,W","19.9",",,W","23.9",",,W","    1",",,W",,,,,,,"    1",",,W"
"USW00023234","SAN FRANCISCO INTERNATIONAL AIRPORT, CA US","37.61962","-122.36562","3.2","2021-11-16","6.93",",,W",,,"0.00",",,W,2400","58","H,,S","63",",,W","53",",,W","  290",",,W","  290",",,W","18.1",",,W","21.9",",,W","    1",",,W",,,,,,,,
"USW00023234","SAN FRANCISCO INTERNATIONAL AIRPORT, CA US","37.61962","-122.36562","3.2","2021-11-17","2.46",",,W",,,"0.00",",,W,2400","57","H,,S","67",",,W","49",",,W","   60",",,W","   50",",,W","12.1",",,W","13.0",",,W","    1",",,W",,,,,,,"    1",",,W"
"USW00023234","SAN FRANCISCO INTERNATIONAL AIRPORT, CA US","37.61962","-122.36562","3.2","2021-11-18","4.25",",,W",,,"0.00","T,,W,2400","56","H,,S","61",",,W","51",",,W","  280",",,W","  310",",,W","15.0",",,W","17.0",",,W","    1",",,W",,,,,,,"    1",",,W"
"USW00023234","SAN FRANCISCO INTERNATIONAL AIRPORT, CA US","37.61962","-122.36562","3.2","2021-11-19","4.70",",,W",,,"0.01",",,W,2400","56","H,,S","61",",,W","53",",,W","  280",",,W","  290",",,W","16.1",",,W","19.0",",,W","    1",",,W",,,,,,,"    1",",,W"
"USW00023234","SAN FRANCISCO INTERNATIONAL AIRPORT, CA US","37.61962","-122.36562","3.2","2021-11-20","5.82",",,W",,,"0.00",",,W,2400","58","H,,S","66",",,W","51",",,W","  290",",,W","  290",",,W","16.1",",,W","18.1",",,W","    1",",,W",,,,,,,"    1",",,W"
"USW00023234","SAN FRANCISCO INTERNATIONAL AIRPORT, CA US","37.61962","-122.36562","3.2","2021-11-21","5.14",",,W",,,"0.00",",,W,2400","57","H,,S","68",",,W","48",",,W","   60",",,W","   60",",,W","21.0",",,W","23.0",",,W","    1",",,W",,,,,,,"    1",",,W"
"USW00023234","SAN FRANCISCO INTERNATIONAL AIRPORT, CA US","37.61962","-122.36562","3.2","2021-11-22","3.13",",,W",,,"0.00",",,W,2400","57","H,,S","66",",,W","47",",,W","  350",",,W","  140",",,W","6.9",",,W","8.9",",,W","    1",",,W",,,,,,,"    1",",,W"
"USW00023234","SAN FRANCISCO INTERNATIONAL AIRPORT, CA US","37.61962","-122.36562","3.2","2021-11-23","8.50",",,W",,,"0.00",",,W,2400","56","H,,S","63",",,W","48",",,W","  290",",,W","  290",",,W","18.1",",,W","21.9",",,W","    1",",,W",,,,,,,"    1",",,W"
"USW00023234","SAN FRANCISCO INTERNATIONAL AIRPORT, CA US","37.61962","-122.36562","3.2","2021-11-24","2.01",",,W",,,"0.00",",,W,2400","55","H,,S","66",",,W","46",",,W","  350",",,W","   10",",,W","8.9",",,W","14.1",",,W","    1",",,W",,,,,,,"    1",",,W"
"USW00023234","SAN FRANCISCO INTERNATIONAL AIRPORT, CA US","37.61962","-122.36562","3.2","2021-11-25","3.80",",,W",,,"0.00",",,W,2400","56","H,,S","64",",,W","46",",,W","   60",",,W","   60",",,W","13.0",",,W","13.0",",,W",,,,,,,,,"    1",",,W"
"USW00023234","SAN FRANCISCO INTERNATIONAL AIRPORT, CA US","37.61962","-122.36562","3.2","2021-11-26","5.59",",,W",,,"0.00",",,W,2400","56","H,,S","66",",,W","49",",,W","  290",",,W","  310",",,W","18.1",",,W","21.9",",,W","    1",",,W",,,,,,,"    1",",,W"
"USW00023234","SAN FRANCISCO INTERNATIONAL AIRPORT, CA US","37.61962","-122.36562","3.2","2021-11-27","2.46",",,W",,,"0.00",",,W,2400","55","H,,S","67",",,W","48",",,W","  290",",,W","  290",",,W","10.1",",,W","13.0",",,W","    1",",,W",,,,,,,"    1",",,W"
"USW00023234","SAN FRANCISCO INTERNATIONAL AIRPORT, CA US","37.61962","-122.36562","3.2","2021-11-28","2.01",",,W",,,"0.00",",,W,2400","58","H,,S","70",",,W","51",",,W","   30",",,W","   30",",,W","8.9",",,W","11.0",",,W",,,,,,,,,"    1",",,W"
"USW00023234","SAN FRANCISCO INTERNATIONAL AIRPORT, CA US","37.61962","-122.36562","3.2","2021-11-29","4.70",",,W",,,"0.00",",,W,2400","58","H,,S","67",",,W","51",",,W","  300",",,W","  300",",,W","18.1",",,W","19.9",",,W","    1",",,W",,,,,,,"    1",",,W"
"USW00023234","SAN FRANCISCO INTERNATIONAL AIRPORT, CA US","37.61962","-122.36562","3.2","2021-11-30","1.57",",,W",,,"0.00",",,W,2400","56","H,,S","66",",,W","49",",,W","   30",",,W","   50",",,W","6.9",",,W","8.9",",,W","    1",",,W","    1",",,W",,,,,"    1",",,W"
"USW00023234","SAN FRANCISCO INTERNATIONAL AIRPORT, CA US","37.61962","-122.36562","3.2","2021-12-01","2.91",",,W",,,"0.00",",,W,2400","59","H,,S","70",",,W","49",",,W","  130",",,W","  130",",,W","10.1",",,W","12.1",",,W","    1",",,W",,,,,,,"    1",",,W"
"USW00023234","SAN FRANCISCO INTERNATIONAL AIRPORT, CA US","37.61962","-122.36562","3.2","2021-12-02","4.92",",,W",,,"0.00",",,W,2400","58","H,,S","62",",,W","49",",,W","  300",",,W","  290",",,W","18.1",",,W","23.0",",,W","    1",",,W",,,,,,,"    1",",,W"
"USW00023234","SAN FRANCISCO INTERNATIONAL AIRPORT, CA US","37.61962","-122.36562","3.2","2021-12-03","4.03",",,W",,,"0.00",",,W,2400","54","H,,S","56",",,W","51",",,W","  180",",,W","  180",",,W","8.9",",,W","11.0",",,W","    1",",,W",,,,,,,"    1",",,W"
"USW00023234","SAN FRANCISCO INTERNATIONAL AIRPORT, CA US","37.61962","-122.36562","3.2","2021-12-04","6.26",",,W",,,"0.00",",,W,2400","55","H,,S","58",",,W","53",",,W","  290",",,W","  300",",,W","18.1",",,W","21.9",",,W","    1",",,W",,,,,,,"    1",",,W"
"USW00023234","SAN FRANCISCO INTERNATIONAL AIRPORT, CA US","37.61962","-122.36562","3.2","2021-12-05","5.59",",,W",,,"0.00",",,W,2400","53","H,,S","58",",,W","49",",,W","  290",",,W","  290",",,W","17.0",",,W","21.0",",,W","    1",",,W",,,,,,,"    1",",,W"
"USW00023234","SAN FRANCISCO INTERNATIONAL AIRPORT, CA US","37.61962","-122.36562","3.2","2021-12-06","4.25",",,W",,,"0.02",",,W,2400","53","H,,S","55",",,W","50",",,W","   30",",,W","   30",",,W","12.1",",,W","13.0",",,W","    1",",,W",,,,,,,"    1",",,W"
"USW00023234","SAN FRANCISCO INTERNATIONAL AIRPORT, CA US","37.61962","-122.36562","3.2","2021-12-07","5.37",",,W",,,"0.05",",,W,2400","54","H,,S","60",",,W","51",",,W","  300",",,W","  290",",,W","21.9",",,W","25.1",",,W","    1",",,W",,,,,,,"    1",",,W"
"USW00023234","SAN FRANCISCO INTERNATIONAL AIRPORT, CA US","37.61962","-122.36562","3.2","2021-12-08","7.38",",,W",,,"0.00","T,,W,2400","54","H,,S","56",",,W","51",",,W","  290",",,W","  290",",,W","17.0",",,W","19.9",",,W","    1",",,W",,,,,,,"    1",",,W"
"USW00023234","SAN FRANCISCO INTERNATIONAL AIRPORT, CA US","37.61962","-122.36562","3.2","2021-12-09","12.30",",,W",,,"0.01",",,W,2400","54","H,,S","57",",,W","46",",,W","  290",",,W","  290",",,W","28.0",",,W","33.1",",,W",,,,,,,,,"    1",",,W"
"USW00023234","SAN FRANCISCO INTERNATIONAL AIRPORT, CA US","37.61962","-122.36562","3.2","2021-12-10","3.80",",,W",,,"0.00",",,W,2400","49","H,,S","57",",,W","42",",,W","  290",",,W","  290",",,W","14.1",",,W","15.0",",,W",,,,,,,,,"    1",",,W"
"USW00023234","SAN FRANCISCO INTERNATIONAL AIRPORT, CA US","37.61962","-122.36562","3.2","2021-12-11","5.14",",,W",,,"0.00",",,W,2400","48","H,,S","56",",,W","39",",,W","  280",",,W","  310",",,W","16.1",",,W","19.0",",,W",,,,,,,,,,
"USW00023234","SAN FRANCISCO INTERNATIONAL AIRPORT, CA US","37.61962","-122.36562","3.2","2021-12-12","12.08",",,W",,,"0.70",",,W,2400","51","H,,S","56",",,W","48",",,W","  170",",,W","  160",",,W","23.0",",,W","31.1",",,W","    1",",,W",,,,,,,"    1",",,W"
"USW00023234","SAN FRANCISCO INTERNATIONAL AIRPORT, CA US","37.61962","-122.36562","3.2","2021-12-13","14.99",",,W",,,"3.14",",,W,2400","54","H,,S","61",",,W","46",",,W","  220",",,W","  210",",,W","36.9",",,W","46.1",",,W","    1",",,W",,,,,,,"    1",",,W"
"USW00023234","SAN FRANCISCO INTERNATIONAL AIRPORT, CA US","37.61962","-122.36562","3.2","2021-12-14","10.51",",,W",,,"0.21",",,W,2400","49","H,,S","52",",,W","43",",,W","  280",",,W","  290",",,W","23.0",",,W","25.9",",,W","    1",",,W",,,,,,,,
"USW00023234","SAN FRANCISCO INTERNATIONAL AIRPORT, CA US","37.61962","-122.36562","3.2","2021-12-15","16.78",",,W",,,"0.36",",,W,2400","48","H,,S","56",",,W","44",",,W","  200",",,W","  190",",,W","36.0",",,W","47.0",",,W","    1",",,W",,,,,,,"    1",",,W"
"USW00023234","SAN FRANCISCO INTERNATIONAL AIRPORT, CA US","37.61962","-122.36562","3.2","2021-12-16","7.61",",,W",,,"0.28",",,W,2400","53","H,,S","57",",,W","48",",,W","  290",",,W","  290",",,W","19.9",",,W","25.1",",,W","    1",",,W",,,,,,,"    1",",,W"
"USW00023234","SAN FRANCISCO INTERNATIONAL AIRPORT, CA US","37.61962","-122.36562","3.2","2021-12-17","5.82",",,W",,,"0.00",",,W,2400","49","H,,S","55",",,W","43",",,W","  290",",,W","  130",",,W","14.1",",,W","17.0",",,W",,,,,,,,,,
"USW00023234","SAN FRANCISCO INTERNATIONAL AIRPORT, CA US","37.61962","-122.36562","3.2","2021-12-18","4.70",",,W",,,"0.00",",,W,2400","47","H,,S","52",",,W","41",",,W","   60",",,W","   50",",,W","15.0",",,W","17.0",",,W","    1",",,W",,,,,,,"    1",",,W"
"USW00023234","SAN FRANCISCO INTERNATIONAL AIRPORT, CA US","37.61962","-122.36562","3.2","2021-12-19","4.70",",,W",,,"0.00",",,W,2400","45","H,,S","50",",,W","41",",,W","   80",",,W","   80",",,W","15.0",",,W","18.1",",,W","    1",",,W",,,,,,,"    1",",,W"
"USW00023234","SAN FRANCISCO INTERNATIONAL AIRPORT, CA US","37.61962","-122.36562","3.2","2021-12-20","10.51",",,W",,,"0.00",",,W,2400","48","H,,S","54",",,W","45",",,W","   60",",,W","   70",",,W","19.9",",,W","21.0",",,W",,,,,,,,,"    1",",,W"
"USW00023234","SAN FRANCISCO INTERNATIONAL AIRPORT, CA US","37.61962","-122.36562","3.2","2021-12-21","8.28",",,W",,,"0.25",",,W,2400","47","H,,S","52",",,W","42",",,W","   70",",,W","   60",",,W","19.9",",,W","21.9",",,W","    1",",,W",,,,,,,"    1",",,W"
"USW00023234","SAN FRANCISCO INTERNATIONAL AIRPORT, CA US","37.61962","-122.36562","3.2","2021-12-22","6.26",",,W",,,"0.80",",,W,2400","49","H,,S","59",",,W","47",",,W","  190",",,W","  180",",,W","18.1",",,W","23.9",",,W","    1",",,W",,,,,,,,
"USW00023234","SAN FRANCISCO INTERNATIONAL AIRPORT, CA US","37.61962","-122.36562","3.2","2021-12-23","9.40",",,W",,,"1.92",",,W,2400","55","H,,S","59",",,W","53",",,W","  200",",,W","  200",",,W","25.9",",,W","34.0",",,W","    1",",,W",,,,,,,"    1",",,W"
"USW00023234","SAN FRANCISCO INTERNATIONAL AIRPORT, CA US","37.61962","-122.36562","3.2","2021-12-24","10.96",",,W",,,"0.13",",,W,2400","54","H,,S","55",",,W","48",",,W","  280",",,W","  300",",,W","23.0",",,W","28.0",",,W","    1",",,W",,,,,,,"    1",",,W"
"USW00023234","SAN FRANCISCO INTERNATIONAL AIRPORT, CA US","37.61962","-122.36562","3.2","2021-12-25","13.42",",,W",,,"0.70",",,W,2400","52","H,,S","55",",,W","46",",,W","  230",",,W","  220",",,W","29.1",",,W","36.0",",,W","    1",",,W",,,,,,,"    1",",,W"
"USW00023234","SAN FRANCISCO INTERNATIONAL AIRPORT, CA US","37.61962","-122.36562","3.2","2021-12-26","9.17",",,W",,,"0.06",",,W,2400","48","H,,S","52",",,W","43",",,W","  290",",,W","  280",",,W","32.0",",,W","38.9",",,W",,,,,,,,,"    1",",,W"
"USW00023234","SAN FRANCISCO INTERNATIONAL AIRPORT, CA US","37.61962","-122.36562","3.2","2021-12-27","12.53",",,W",,,"0.36",",,W,2400","49","H,,S","52",",,W","45",",,W","  310",",,W","  300",",,W","25.9",",,W","35.1",",,W","    1",",,W",,,,,,,"    1",",,W"
"USW00023234","SAN FRANCISCO INTERNATIONAL AIRPORT, CA US","37.61962","-122.36562","3.2","2021-12-28","7.61",",,W",,,"0.00","T,,W,2400","46","H,,S","49",",,W","44",",,W","  290",",,W","  290",",,W","16.1",",,W","19.0",",,W",,,,,,,,,"    1",",,W"
"USW00023234","SAN FRANCISCO INTERNATIONAL AIRPORT, CA US","37.61962","-122.36562","3.2","2021-12-29","8.95",",,W",,,"0.82",",,W,2400","48","H,,S","51",",,W","45",",,W","   40",",,W","   40",",,W","17.0",",,W","19.0",",,W","    1",",,W",,,,,,,,
"USW00023234","SAN FRANCISCO INTERNATIONAL AIRPORT, CA US","37.61962","-122.36562","3.2","2021-12-30","8.72",",,W",,,"0.00",",,W,2400","47","H,,S","53",",,W","45",",,W","  290",",,W","  300",",,W","16.1",",,W","19.0",",,W",,,,,,,,,,
"USW00023234","SAN FRANCISCO INTERNATIONAL AIRPORT, CA US","37.61962","-122.36562","3.2","2021-12-31","7.61",",,W",,,"0.00",",,W,2400","48","H,,S","54",",,W","41",",,W","  290",",,W","  280",",,W","23.0",",,W","27.1",",,W",,,,,,,,,,
"USW00023234","SAN FRANCISCO INTERNATIONAL AIRPORT, CA US","37.61962","-122.36562","3.2","2022-01-01","3.13",",,W",,,"0.00",",,W,2400","47","H,,S","52",",,W","39",",,W","   10",",,W","   10",",,W","12.1",",,W","14.1",",,W",,,,,,,,,,
